insert into Local values ('Main Street');
insert into Local values ('Off Street');
insert into Local values ('Oliveira do Hospital');
insert into Local values ('Monchique');
INSERT INTO Local VALUES ('Loures');
INSERT INTO Local VALUES ('moradaLocal2');
INSERT INTO Local VALUES ('moradaLocal3');
INSERT INTO Local VALUES ('moradaLocal4');
INSERT INTO Local VALUES ('moradaLocal5');
INSERT INTO Local VALUES ('moradaLocal6');
INSERT INTO Local VALUES ('moradaLocal7');
INSERT INTO Local VALUES ('moradaLocal8');
INSERT INTO Local VALUES ('moradaLocal9');
INSERT INTO Local VALUES ('moradaLocal10');
INSERT INTO Local VALUES ('moradaLocal11');
INSERT INTO Local VALUES ('moradaLocal12');
INSERT INTO Local VALUES ('moradaLocal13');
INSERT INTO Local VALUES ('moradaLocal14');
INSERT INTO Local VALUES ('moradaLocal15');
INSERT INTO Local VALUES ('moradaLocal16');
INSERT INTO Local VALUES ('moradaLocal17');
INSERT INTO Local VALUES ('moradaLocal18');
INSERT INTO Local VALUES ('moradaLocal19');
INSERT INTO Local VALUES ('moradaLocal20');
INSERT INTO Local VALUES ('moradaLocal21');
INSERT INTO Local VALUES ('moradaLocal22');
INSERT INTO Local VALUES ('moradaLocal23');
INSERT INTO Local VALUES ('moradaLocal24');
INSERT INTO Local VALUES ('moradaLocal25');
INSERT INTO Local VALUES ('moradaLocal26');
INSERT INTO Local VALUES ('moradaLocal27');
INSERT INTO Local VALUES ('moradaLocal28');
INSERT INTO Local VALUES ('moradaLocal29');
INSERT INTO Local VALUES ('moradaLocal30');
INSERT INTO Local VALUES ('moradaLocal31');
INSERT INTO Local VALUES ('moradaLocal32');
INSERT INTO Local VALUES ('moradaLocal33');
INSERT INTO Local VALUES ('moradaLocal34');
INSERT INTO Local VALUES ('moradaLocal35');
INSERT INTO Local VALUES ('moradaLocal36');
INSERT INTO Local VALUES ('moradaLocal37');
INSERT INTO Local VALUES ('moradaLocal38');
INSERT INTO Local VALUES ('moradaLocal39');
INSERT INTO Local VALUES ('moradaLocal40');
INSERT INTO Local VALUES ('moradaLocal41');
INSERT INTO Local VALUES ('moradaLocal42');
INSERT INTO Local VALUES ('moradaLocal43');
INSERT INTO Local VALUES ('moradaLocal44');
INSERT INTO Local VALUES ('moradaLocal45');
INSERT INTO Local VALUES ('moradaLocal46');
INSERT INTO Local VALUES ('moradaLocal47');
INSERT INTO Local VALUES ('moradaLocal48');
INSERT INTO Local VALUES ('moradaLocal49');
INSERT INTO Local VALUES ('moradaLocal50');
INSERT INTO Local VALUES ('moradaLocal51');
INSERT INTO Local VALUES ('moradaLocal52');
INSERT INTO Local VALUES ('moradaLocal53');
INSERT INTO Local VALUES ('moradaLocal54');
INSERT INTO Local VALUES ('moradaLocal55');
INSERT INTO Local VALUES ('moradaLocal56');
INSERT INTO Local VALUES ('moradaLocal57');
INSERT INTO Local VALUES ('moradaLocal58');
INSERT INTO Local VALUES ('moradaLocal59');
INSERT INTO Local VALUES ('moradaLocal60');
INSERT INTO Local VALUES ('moradaLocal61');
INSERT INTO Local VALUES ('moradaLocal62');
INSERT INTO Local VALUES ('moradaLocal63');
INSERT INTO Local VALUES ('moradaLocal64');
INSERT INTO Local VALUES ('moradaLocal65');
INSERT INTO Local VALUES ('moradaLocal66');
INSERT INTO Local VALUES ('moradaLocal67');
INSERT INTO Local VALUES ('moradaLocal68');
INSERT INTO Local VALUES ('moradaLocal69');
INSERT INTO Local VALUES ('moradaLocal70');
INSERT INTO Local VALUES ('moradaLocal71');
INSERT INTO Local VALUES ('moradaLocal72');
INSERT INTO Local VALUES ('moradaLocal73');
INSERT INTO Local VALUES ('moradaLocal74');
INSERT INTO Local VALUES ('moradaLocal75');
INSERT INTO Local VALUES ('moradaLocal76');
INSERT INTO Local VALUES ('moradaLocal77');
INSERT INTO Local VALUES ('moradaLocal78');
INSERT INTO Local VALUES ('moradaLocal79');
INSERT INTO Local VALUES ('moradaLocal80');
INSERT INTO Local VALUES ('moradaLocal81');
INSERT INTO Local VALUES ('moradaLocal82');
INSERT INTO Local VALUES ('moradaLocal83');
INSERT INTO Local VALUES ('moradaLocal84');
INSERT INTO Local VALUES ('moradaLocal85');
INSERT INTO Local VALUES ('moradaLocal86');
INSERT INTO Local VALUES ('moradaLocal87');
INSERT INTO Local VALUES ('moradaLocal88');
INSERT INTO Local VALUES ('moradaLocal89');
INSERT INTO Local VALUES ('moradaLocal90');
INSERT INTO Local VALUES ('moradaLocal91');
INSERT INTO Local VALUES ('moradaLocal92');
INSERT INTO Local VALUES ('moradaLocal93');
INSERT INTO Local VALUES ('moradaLocal94');
INSERT INTO Local VALUES ('moradaLocal95');
INSERT INTO Local VALUES ('moradaLocal96');
INSERT INTO Local VALUES ('moradaLocal97');
INSERT INTO Local VALUES ('moradaLocal98');
INSERT INTO Local VALUES ('moradaLocal99');
INSERT INTO Local VALUES ('moradaLocal100');

INSERT INTO ProcessoSocorro VALUES (1);
INSERT INTO ProcessoSocorro VALUES (2);
INSERT INTO ProcessoSocorro VALUES (3);
INSERT INTO ProcessoSocorro VALUES (4);
INSERT INTO ProcessoSocorro VALUES (5);
INSERT INTO ProcessoSocorro VALUES (6);
INSERT INTO ProcessoSocorro VALUES (7);
INSERT INTO ProcessoSocorro VALUES (8);
INSERT INTO ProcessoSocorro VALUES (9);
INSERT INTO ProcessoSocorro VALUES (10);
INSERT INTO ProcessoSocorro VALUES (11);
INSERT INTO ProcessoSocorro VALUES (12);
INSERT INTO ProcessoSocorro VALUES (13);
INSERT INTO ProcessoSocorro VALUES (14);
INSERT INTO ProcessoSocorro VALUES (15);
INSERT INTO ProcessoSocorro VALUES (16);
INSERT INTO ProcessoSocorro VALUES (17);
INSERT INTO ProcessoSocorro VALUES (18);
INSERT INTO ProcessoSocorro VALUES (19);
INSERT INTO ProcessoSocorro VALUES (20);
INSERT INTO ProcessoSocorro VALUES (21);
INSERT INTO ProcessoSocorro VALUES (22);
INSERT INTO ProcessoSocorro VALUES (23);
INSERT INTO ProcessoSocorro VALUES (24);
INSERT INTO ProcessoSocorro VALUES (25);
INSERT INTO ProcessoSocorro VALUES (26);
INSERT INTO ProcessoSocorro VALUES (27);
INSERT INTO ProcessoSocorro VALUES (28);
INSERT INTO ProcessoSocorro VALUES (29);
INSERT INTO ProcessoSocorro VALUES (30);
INSERT INTO ProcessoSocorro VALUES (31);
INSERT INTO ProcessoSocorro VALUES (32);
INSERT INTO ProcessoSocorro VALUES (33);
INSERT INTO ProcessoSocorro VALUES (34);
INSERT INTO ProcessoSocorro VALUES (35);
INSERT INTO ProcessoSocorro VALUES (36);
INSERT INTO ProcessoSocorro VALUES (37);
INSERT INTO ProcessoSocorro VALUES (38);
INSERT INTO ProcessoSocorro VALUES (39);
INSERT INTO ProcessoSocorro VALUES (40);
INSERT INTO ProcessoSocorro VALUES (41);
INSERT INTO ProcessoSocorro VALUES (42);
INSERT INTO ProcessoSocorro VALUES (43);
INSERT INTO ProcessoSocorro VALUES (44);
INSERT INTO ProcessoSocorro VALUES (45);
INSERT INTO ProcessoSocorro VALUES (46);
 
INSERT INTO EventoEmergencia VALUES ('Loures', '2001-05-08 12:35:29', 'nomePessoa1', '967654301', 1);
INSERT INTO EventoEmergencia VALUES ('Loures', '2002-05-08 12:35:29', 'nomePessoa2', '967654302', 2);
INSERT INTO EventoEmergencia VALUES ('Loures', '2003-05-08 12:35:29', 'nomePessoa3', '967654303', 3);
INSERT INTO EventoEmergencia VALUES ('Loures', '2004-05-08 12:35:29', 'nomePessoa4', '967654304', 4);
INSERT INTO EventoEmergencia VALUES ('moradaLocal5', '2005-05-08 12:35:29', 'nomePessoa5', '967654305', 5);
INSERT INTO EventoEmergencia VALUES ('moradaLocal6', '2006-05-08 12:35:29', 'nomePessoa6', '967654306', 6);
INSERT INTO EventoEmergencia VALUES ('moradaLocal7', '2007-05-08 12:35:29', 'nomePessoa7', '967654307', 7);
INSERT INTO EventoEmergencia VALUES ('moradaLocal8', '2008-05-08 12:35:29', 'nomePessoa8', '967654308', 8);
INSERT INTO EventoEmergencia VALUES ('moradaLocal9', '2009-05-08 12:35:29', 'nomePessoa9', '967654309', 9);
INSERT INTO EventoEmergencia VALUES ('moradaLocal10', '2010-05-08 12:35:29', 'nomePessoa10', '967654310', 10);
INSERT INTO EventoEmergencia VALUES ('moradaLocal11', '2011-05-08 12:35:29', 'nomePessoa11', '967654311', 11);
INSERT INTO EventoEmergencia VALUES ('moradaLocal12', '2012-05-08 12:35:29', 'nomePessoa12', '967654312', 12);
INSERT INTO EventoEmergencia VALUES ('moradaLocal13', '2013-05-08 12:35:29', 'nomePessoa13', '967654313', 13);
INSERT INTO EventoEmergencia VALUES ('moradaLocal14', '2014-05-08 12:35:29', 'nomePessoa14', '967654314', 14);
INSERT INTO EventoEmergencia VALUES ('moradaLocal15', '2015-05-08 12:35:29', 'nomePessoa15', '967654315', 15);


insert into Camara values (1);
insert into Camara values (2);
insert into Camara values (3);
insert into Camara values (4);
insert into Camara values (5);
insert into Camara values (6);
insert into Camara values (7);
insert into Camara values (8);
insert into Camara values (9);
insert into Camara values (10);
insert into Camara values (11);
insert into Camara values (12);
insert into Camara values (13);
insert into Camara values (14);
insert into Camara values (15);
insert into Camara values (16);
insert into Camara values (17);
insert into Camara values (18);
insert into Camara values (19);

insert into Video values ('2007-05-08 12:35:29', '2007-05-13 12:35:29',  1);
insert into Video values ('2009-05-08 12:35:29', '2009-05-13 12:35:29',  2);
insert into Video values('2018-08-12 11:59:59', '2018-08-13 11:59:59', 3);
insert into Video values ('2007-05-08 12:35:29', '2007-05-13 12:35:29',  4);
insert into Video values ('2009-05-08 12:35:29', '2009-05-13 12:35:29',  5);
insert into Video values('2018-08-12 11:59:59', '2018-08-13 11:59:59', 6);
insert into Video values ('2007-05-08 12:35:29', '2007-05-13 12:35:29',  7);
insert into Video values ('2009-05-08 12:35:29', '2009-05-13 12:35:29',  8);
insert into Video values('2018-08-12 11:59:59', '2018-08-13 11:59:59', 9);
insert into Video values ('2007-05-08 12:35:29', '2007-05-13 12:35:29',  10);
insert into Video values ('2009-05-08 12:35:29', '2009-05-13 12:35:29',  11);
insert into Video values('2018-08-12 11:59:59', '2018-08-13 11:59:59', 12);
insert into Video values ('2007-05-08 12:35:29', '2007-05-13 12:35:29',  13);
insert into Video values ('2009-05-08 12:35:29', '2009-05-13 12:35:29',  14);
insert into Video values('2018-08-12 11:59:59', '2018-08-13 11:59:59', 15);

insert into SegmentoVideo values (1, '12:00:00', '2007-05-08 12:35:29', 1);
insert into SegmentoVideo values (2, '12:00:00', '2007-05-08 12:35:29', 1);
insert into SegmentoVideo values (3, '12:00:00', '2009-05-08 12:35:29', 2);
insert into SegmentoVideo values (4, '12:00:00', '2009-05-08 12:35:29', 2);
insert into SegmentoVideo values (5, '12:00:00', '2018-08-12 11:59:59', 3);
insert into SegmentoVideo values (6, '12:00:00', '2018-08-12 11:59:59', 3);
insert into SegmentoVideo values (7, '12:00:00', '2007-05-08 12:35:29', 4);
insert into SegmentoVideo values (8, '12:00:00', '2007-05-08 12:35:29', 4);
insert into SegmentoVideo values (9, '12:00:00', '2009-05-08 12:35:29', 5);
insert into SegmentoVideo values (10, '12:00:00', '2009-05-08 12:35:29', 5);
insert into SegmentoVideo values (11, '12:00:00', '2018-08-12 11:59:59', 6);
insert into SegmentoVideo values (12, '12:00:00', '2018-08-12 11:59:59', 6);



insert into EntidadeMeio values ('Bombeiros');
insert into EntidadeMeio values ('Inem');
INSERT INTO EntidadeMeio VALUES ('nomeEntidade1');
INSERT INTO EntidadeMeio VALUES ('nomeEntidade2');
INSERT INTO EntidadeMeio VALUES ('nomeEntidade3');
INSERT INTO EntidadeMeio VALUES ('nomeEntidade4');
INSERT INTO EntidadeMeio VALUES ('nomeEntidade5');
INSERT INTO EntidadeMeio VALUES ('nomeEntidade6');
INSERT INTO EntidadeMeio VALUES ('nomeEntidade7');
INSERT INTO EntidadeMeio VALUES ('nomeEntidade8');
INSERT INTO EntidadeMeio VALUES ('nomeEntidade9');
INSERT INTO EntidadeMeio VALUES ('nomeEntidade10');
INSERT INTO EntidadeMeio VALUES ('nomeEntidade11');
INSERT INTO EntidadeMeio VALUES ('nomeEntidade12');
INSERT INTO EntidadeMeio VALUES ('nomeEntidade13');
INSERT INTO EntidadeMeio VALUES ('nomeEntidade14');
INSERT INTO EntidadeMeio VALUES ('nomeEntidade15');
INSERT INTO EntidadeMeio VALUES ('nomeEntidade16');
INSERT INTO EntidadeMeio VALUES ('nomeEntidade17');
INSERT INTO EntidadeMeio VALUES ('nomeEntidade18');
INSERT INTO EntidadeMeio VALUES ('nomeEntidade19');
INSERT INTO EntidadeMeio VALUES ('nomeEntidade20');
INSERT INTO EntidadeMeio VALUES ('nomeEntidade21');
INSERT INTO EntidadeMeio VALUES ('nomeEntidade22');
INSERT INTO EntidadeMeio VALUES ('nomeEntidade23');
INSERT INTO EntidadeMeio VALUES ('nomeEntidade24');
INSERT INTO EntidadeMeio VALUES ('nomeEntidade25');
INSERT INTO EntidadeMeio VALUES ('nomeEntidade26');
INSERT INTO EntidadeMeio VALUES ('nomeEntidade27');
INSERT INTO EntidadeMeio VALUES ('nomeEntidade28');
INSERT INTO EntidadeMeio VALUES ('nomeEntidade29');
INSERT INTO EntidadeMeio VALUES ('nomeEntidade30');
INSERT INTO EntidadeMeio VALUES ('nomeEntidade31');
INSERT INTO EntidadeMeio VALUES ('nomeEntidade32');
INSERT INTO EntidadeMeio VALUES ('nomeEntidade33');
INSERT INTO EntidadeMeio VALUES ('nomeEntidade34');
INSERT INTO EntidadeMeio VALUES ('nomeEntidade35');
INSERT INTO EntidadeMeio VALUES ('nomeEntidade36');
INSERT INTO EntidadeMeio VALUES ('nomeEntidade37');
INSERT INTO EntidadeMeio VALUES ('nomeEntidade38');
INSERT INTO EntidadeMeio VALUES ('nomeEntidade39');
INSERT INTO EntidadeMeio VALUES ('nomeEntidade40');

insert into Meio values (1, 'Aviao',  'Bombeiros');
insert into Meio values (2, 'Submarino',  'Inem');
INSERT INTO Meio VALUES (3, 'nomeMeio3',  'nomeEntidade3');
INSERT INTO Meio VALUES (4, 'nomeMeio4',  'nomeEntidade4');
INSERT INTO Meio VALUES (5, 'nomeMeio5',  'nomeEntidade5');
INSERT INTO Meio VALUES (6, 'nomeMeio6',  'nomeEntidade6');
INSERT INTO Meio VALUES (7, 'nomeMeio7',  'nomeEntidade7');
INSERT INTO Meio VALUES (8, 'nomeMeio8',  'nomeEntidade8');
INSERT INTO Meio VALUES (9, 'nomeMeio9',  'nomeEntidade9');
INSERT INTO Meio VALUES (10, 'nomeMeio10',  'nomeEntidade10');
INSERT INTO Meio VALUES (11, 'nomeMeio11',  'nomeEntidade11');
INSERT INTO Meio VALUES (12, 'nomeMeio12',  'nomeEntidade12');
INSERT INTO Meio VALUES (13, 'nomeMeio13',  'nomeEntidade13');
INSERT INTO Meio VALUES (14, 'nomeMeio14',  'nomeEntidade14');
INSERT INTO Meio VALUES (15, 'nomeMeio15',  'nomeEntidade15');
INSERT INTO Meio VALUES (16, 'nomeMeio16',  'nomeEntidade16');
INSERT INTO Meio VALUES (17, 'nomeMeio17',  'nomeEntidade17');
INSERT INTO Meio VALUES (18, 'nomeMeio18',  'nomeEntidade18');
INSERT INTO Meio VALUES (19, 'nomeMeio19',  'nomeEntidade19');
INSERT INTO Meio VALUES (20, 'nomeMeio20',  'nomeEntidade20');


insert into MeioCombate values (1, 'Bombeiros');
insert into MeioCombate values (2, 'Inem');
INSERT INTO MeioCombate VALUES (3, 'nomeEntidade3');
INSERT INTO MeioCombate VALUES (4, 'nomeEntidade4');
INSERT INTO MeioCombate VALUES (5, 'nomeEntidade5');
INSERT INTO MeioCombate VALUES (6, 'nomeEntidade6');
INSERT INTO MeioCombate VALUES (7, 'nomeEntidade7');
INSERT INTO MeioCombate VALUES (8, 'nomeEntidade8');
INSERT INTO MeioCombate VALUES (9, 'nomeEntidade9');
INSERT INTO MeioCombate VALUES (10, 'nomeEntidade10');

insert into MeioApoio values (1, 'Bombeiros');
insert into MeioApoio values (2, 'Inem');
INSERT INTO MeioApoio VALUES (5, 'nomeEntidade5');
INSERT INTO MeioApoio VALUES (6, 'nomeEntidade6');
INSERT INTO MeioApoio VALUES (7, 'nomeEntidade7');
INSERT INTO MeioApoio VALUES (8, 'nomeEntidade8');
INSERT INTO MeioApoio VALUES (9, 'nomeEntidade9');
INSERT INTO MeioApoio VALUES (10, 'nomeEntidade10');

insert into MeioSocorro values (1, 'Bombeiros');
insert into MeioSocorro values (2, 'Inem');
INSERT INTO MeioSocorro VALUES (10, 'nomeEntidade10');
INSERT INTO MeioSocorro VALUES (11, 'nomeEntidade11');
INSERT INTO MeioSocorro VALUES (12, 'nomeEntidade12');
INSERT INTO MeioSocorro VALUES (13, 'nomeEntidade13');
INSERT INTO MeioSocorro VALUES (14, 'nomeEntidade14');
INSERT INTO MeioSocorro VALUES (15, 'nomeEntidade15');
INSERT INTO MeioSocorro VALUES (16, 'nomeEntidade16');
INSERT INTO MeioSocorro VALUES (17, 'nomeEntidade17');
INSERT INTO MeioSocorro VALUES (18, 'nomeEntidade18');
INSERT INTO MeioSocorro VALUES (19, 'nomeEntidade19');

insert into Transporta values (1, 'Bombeiros', 12, 1);
insert into Transporta values (2, 'Inem', 12, 2);
INSERT INTO Transporta VALUES (10, 'nomeEntidade10', 12, 3);
INSERT INTO Transporta VALUES (11, 'nomeEntidade11', 12, 4);
INSERT INTO Transporta VALUES (12, 'nomeEntidade12', 12, 5);
INSERT INTO Transporta VALUES (13, 'nomeEntidade13', 12, 6);
INSERT INTO Transporta VALUES (14, 'nomeEntidade14', 12, 7);
INSERT INTO Transporta VALUES (15, 'nomeEntidade15', 12, 8);
INSERT INTO Transporta VALUES (16, 'nomeEntidade16', 12, 9);
INSERT INTO Transporta VALUES (17, 'nomeEntidade17', 12, 10);
INSERT INTO Transporta VALUES (18, 'nomeEntidade18', 12, 11);
INSERT INTO Transporta VALUES (19, 'nomeEntidade19', 12, 12);


insert into Vigia values ('Main Street',1);
	insert into Vigia values ('Loures',2);
		insert into Vigia values ('Loures',3);
			insert into Vigia values ('Loures',4);
				insert into Vigia values ('Monchique',5);
					insert into Vigia values ('Monchique',6);
						insert into Vigia values ('Monchique',7);
							insert into Vigia values ('Monchique',8);
								insert into Vigia values ('Monchique',10);
									insert into Vigia values ('Loures',10);
										insert into Vigia values ('Monchique',11);

insert into Acciona values(1,'Bombeiros',1);
insert into Acciona values(2,'Inem',2);
insert into Acciona values(4,'nomeEntidade4',4);
INSERT INTO Acciona VALUES (3, 'nomeEntidade3',3);
INSERT INTO Acciona VALUES (19, 'nomeEntidade19',15);
INSERT INTO Acciona VALUES (1, 'Bombeiros',15);
INSERT INTO Acciona VALUES (10, 'nomeEntidade10',15);
INSERT INTO Acciona VALUES (4, 'nomeEntidade4',15);
INSERT INTO Acciona VALUES (20, 'nomeEntidade20',15);
INSERT INTO Acciona VALUES (12, 'nomeEntidade12',15);
INSERT INTO Acciona VALUES (3, 'nomeEntidade3',15);
INSERT INTO Acciona VALUES (5, 'nomeEntidade5',15);


insert into Coordenador values (1);
insert into Coordenador values (2);

insert into Audita values(1, 1, 'Bombeiros', 1, '2018-03-22 00:00:00', '2018-05-22 00:00:00','2019-12-12 00:00:00', 'blabla');


