insert into Local values ('Main Street');
insert into Local values ('Off Street');
insert into Local values ('Oliveira do Hospital');
insert into Local values ('Monchique');
INSERT INTO Local VALUES ('moradaLocal1');
INSERT INTO Local VALUES ('moradaLocal2');
INSERT INTO Local VALUES ('moradaLocal3');
INSERT INTO Local VALUES ('moradaLocal4');
INSERT INTO Local VALUES ('moradaLocal5');
INSERT INTO Local VALUES ('moradaLocal6');
INSERT INTO Local VALUES ('moradaLocal7');
INSERT INTO Local VALUES ('moradaLocal8');
INSERT INTO Local VALUES ('moradaLocal9');
INSERT INTO Local VALUES ('moradaLocal10');
INSERT INTO Local VALUES ('moradaLocal11');
INSERT INTO Local VALUES ('moradaLocal12');
INSERT INTO Local VALUES ('moradaLocal13');
INSERT INTO Local VALUES ('moradaLocal14');
INSERT INTO Local VALUES ('moradaLocal15');
INSERT INTO Local VALUES ('moradaLocal16');
INSERT INTO Local VALUES ('moradaLocal17');
INSERT INTO Local VALUES ('moradaLocal18');
INSERT INTO Local VALUES ('moradaLocal19');
INSERT INTO Local VALUES ('moradaLocal20');
INSERT INTO Local VALUES ('moradaLocal21');
INSERT INTO Local VALUES ('moradaLocal22');
INSERT INTO Local VALUES ('moradaLocal23');
INSERT INTO Local VALUES ('moradaLocal24');
INSERT INTO Local VALUES ('moradaLocal25');
INSERT INTO Local VALUES ('moradaLocal26');
INSERT INTO Local VALUES ('moradaLocal27');
INSERT INTO Local VALUES ('moradaLocal28');
INSERT INTO Local VALUES ('moradaLocal29');
INSERT INTO Local VALUES ('moradaLocal30');
INSERT INTO Local VALUES ('moradaLocal31');
INSERT INTO Local VALUES ('moradaLocal32');
INSERT INTO Local VALUES ('moradaLocal33');
INSERT INTO Local VALUES ('moradaLocal34');
INSERT INTO Local VALUES ('moradaLocal35');
INSERT INTO Local VALUES ('moradaLocal36');
INSERT INTO Local VALUES ('moradaLocal37');
INSERT INTO Local VALUES ('moradaLocal38');
INSERT INTO Local VALUES ('moradaLocal39');
INSERT INTO Local VALUES ('moradaLocal40');
INSERT INTO Local VALUES ('moradaLocal41');
INSERT INTO Local VALUES ('moradaLocal42');
INSERT INTO Local VALUES ('moradaLocal43');
INSERT INTO Local VALUES ('moradaLocal44');
INSERT INTO Local VALUES ('moradaLocal45');
INSERT INTO Local VALUES ('moradaLocal46');
INSERT INTO Local VALUES ('moradaLocal47');
INSERT INTO Local VALUES ('moradaLocal48');
INSERT INTO Local VALUES ('moradaLocal49');
INSERT INTO Local VALUES ('moradaLocal50');
INSERT INTO Local VALUES ('moradaLocal51');
INSERT INTO Local VALUES ('moradaLocal52');
INSERT INTO Local VALUES ('moradaLocal53');
INSERT INTO Local VALUES ('moradaLocal54');
INSERT INTO Local VALUES ('moradaLocal55');
INSERT INTO Local VALUES ('moradaLocal56');
INSERT INTO Local VALUES ('moradaLocal57');
INSERT INTO Local VALUES ('moradaLocal58');
INSERT INTO Local VALUES ('moradaLocal59');
INSERT INTO Local VALUES ('moradaLocal60');
INSERT INTO Local VALUES ('moradaLocal61');
INSERT INTO Local VALUES ('moradaLocal62');
INSERT INTO Local VALUES ('moradaLocal63');
INSERT INTO Local VALUES ('moradaLocal64');
INSERT INTO Local VALUES ('moradaLocal65');
INSERT INTO Local VALUES ('moradaLocal66');
INSERT INTO Local VALUES ('moradaLocal67');
INSERT INTO Local VALUES ('moradaLocal68');
INSERT INTO Local VALUES ('moradaLocal69');
INSERT INTO Local VALUES ('moradaLocal70');
INSERT INTO Local VALUES ('moradaLocal71');
INSERT INTO Local VALUES ('moradaLocal72');
INSERT INTO Local VALUES ('moradaLocal73');
INSERT INTO Local VALUES ('moradaLocal74');
INSERT INTO Local VALUES ('moradaLocal75');
INSERT INTO Local VALUES ('moradaLocal76');
INSERT INTO Local VALUES ('moradaLocal77');
INSERT INTO Local VALUES ('moradaLocal78');
INSERT INTO Local VALUES ('moradaLocal79');
INSERT INTO Local VALUES ('moradaLocal80');
INSERT INTO Local VALUES ('moradaLocal81');
INSERT INTO Local VALUES ('moradaLocal82');
INSERT INTO Local VALUES ('moradaLocal83');
INSERT INTO Local VALUES ('moradaLocal84');
INSERT INTO Local VALUES ('moradaLocal85');
INSERT INTO Local VALUES ('moradaLocal86');
INSERT INTO Local VALUES ('moradaLocal87');
INSERT INTO Local VALUES ('moradaLocal88');
INSERT INTO Local VALUES ('moradaLocal89');
INSERT INTO Local VALUES ('moradaLocal90');
INSERT INTO Local VALUES ('moradaLocal91');
INSERT INTO Local VALUES ('moradaLocal92');
INSERT INTO Local VALUES ('moradaLocal93');
INSERT INTO Local VALUES ('moradaLocal94');
INSERT INTO Local VALUES ('moradaLocal95');
INSERT INTO Local VALUES ('moradaLocal96');
INSERT INTO Local VALUES ('moradaLocal97');
INSERT INTO Local VALUES ('moradaLocal98');
INSERT INTO Local VALUES ('moradaLocal99');
INSERT INTO Local VALUES ('moradaLocal100');

INSERT INTO ProcessoSocorro VALUES (1);
INSERT INTO ProcessoSocorro VALUES (2);
INSERT INTO ProcessoSocorro VALUES (3);
INSERT INTO ProcessoSocorro VALUES (4);
INSERT INTO ProcessoSocorro VALUES (5);
INSERT INTO ProcessoSocorro VALUES (6);
INSERT INTO ProcessoSocorro VALUES (7);
INSERT INTO ProcessoSocorro VALUES (8);
INSERT INTO ProcessoSocorro VALUES (9);
INSERT INTO ProcessoSocorro VALUES (10);
INSERT INTO ProcessoSocorro VALUES (11);
INSERT INTO ProcessoSocorro VALUES (12);
INSERT INTO ProcessoSocorro VALUES (13);
INSERT INTO ProcessoSocorro VALUES (14);
INSERT INTO ProcessoSocorro VALUES (15);
INSERT INTO ProcessoSocorro VALUES (16);
INSERT INTO ProcessoSocorro VALUES (17);
INSERT INTO ProcessoSocorro VALUES (18);
INSERT INTO ProcessoSocorro VALUES (19);
INSERT INTO ProcessoSocorro VALUES (20);
INSERT INTO ProcessoSocorro VALUES (21);
INSERT INTO ProcessoSocorro VALUES (22);
INSERT INTO ProcessoSocorro VALUES (23);
INSERT INTO ProcessoSocorro VALUES (24);
INSERT INTO ProcessoSocorro VALUES (25);
INSERT INTO ProcessoSocorro VALUES (26);
INSERT INTO ProcessoSocorro VALUES (27);
INSERT INTO ProcessoSocorro VALUES (28);
INSERT INTO ProcessoSocorro VALUES (29);
INSERT INTO ProcessoSocorro VALUES (30);
INSERT INTO ProcessoSocorro VALUES (31);
INSERT INTO ProcessoSocorro VALUES (32);
INSERT INTO ProcessoSocorro VALUES (33);
INSERT INTO ProcessoSocorro VALUES (34);
INSERT INTO ProcessoSocorro VALUES (35);
INSERT INTO ProcessoSocorro VALUES (36);
INSERT INTO ProcessoSocorro VALUES (37);
INSERT INTO ProcessoSocorro VALUES (38);
INSERT INTO ProcessoSocorro VALUES (39);
INSERT INTO ProcessoSocorro VALUES (40);
INSERT INTO ProcessoSocorro VALUES (41);
INSERT INTO ProcessoSocorro VALUES (42);
INSERT INTO ProcessoSocorro VALUES (43);
INSERT INTO ProcessoSocorro VALUES (44);
INSERT INTO ProcessoSocorro VALUES (45);
INSERT INTO ProcessoSocorro VALUES (46);
INSERT INTO ProcessoSocorro VALUES (47);
INSERT INTO ProcessoSocorro VALUES (48);
INSERT INTO ProcessoSocorro VALUES (49);
INSERT INTO ProcessoSocorro VALUES (50);
INSERT INTO ProcessoSocorro VALUES (51);
INSERT INTO ProcessoSocorro VALUES (52);
INSERT INTO ProcessoSocorro VALUES (53);
INSERT INTO ProcessoSocorro VALUES (54);
INSERT INTO ProcessoSocorro VALUES (55);
INSERT INTO ProcessoSocorro VALUES (56);
INSERT INTO ProcessoSocorro VALUES (57);
INSERT INTO ProcessoSocorro VALUES (58);
INSERT INTO ProcessoSocorro VALUES (59);
INSERT INTO ProcessoSocorro VALUES (60);
INSERT INTO ProcessoSocorro VALUES (61);
INSERT INTO ProcessoSocorro VALUES (62);
INSERT INTO ProcessoSocorro VALUES (63);
INSERT INTO ProcessoSocorro VALUES (64);
INSERT INTO ProcessoSocorro VALUES (65);
INSERT INTO ProcessoSocorro VALUES (66);
INSERT INTO ProcessoSocorro VALUES (67);
INSERT INTO ProcessoSocorro VALUES (68);
INSERT INTO ProcessoSocorro VALUES (69);
INSERT INTO ProcessoSocorro VALUES (70);
INSERT INTO ProcessoSocorro VALUES (71);
INSERT INTO ProcessoSocorro VALUES (72);
INSERT INTO ProcessoSocorro VALUES (73);
INSERT INTO ProcessoSocorro VALUES (74);
INSERT INTO ProcessoSocorro VALUES (75);
INSERT INTO ProcessoSocorro VALUES (76);
INSERT INTO ProcessoSocorro VALUES (77);
INSERT INTO ProcessoSocorro VALUES (78);
INSERT INTO ProcessoSocorro VALUES (79);
INSERT INTO ProcessoSocorro VALUES (80);
INSERT INTO ProcessoSocorro VALUES (81);
INSERT INTO ProcessoSocorro VALUES (82);
INSERT INTO ProcessoSocorro VALUES (83);
INSERT INTO ProcessoSocorro VALUES (84);
INSERT INTO ProcessoSocorro VALUES (85);
INSERT INTO ProcessoSocorro VALUES (86);
INSERT INTO ProcessoSocorro VALUES (87);
INSERT INTO ProcessoSocorro VALUES (88);
INSERT INTO ProcessoSocorro VALUES (89);
INSERT INTO ProcessoSocorro VALUES (90);
INSERT INTO ProcessoSocorro VALUES (91);
INSERT INTO ProcessoSocorro VALUES (92);
INSERT INTO ProcessoSocorro VALUES (93);
INSERT INTO ProcessoSocorro VALUES (94);
INSERT INTO ProcessoSocorro VALUES (95);
INSERT INTO ProcessoSocorro VALUES (96);
INSERT INTO ProcessoSocorro VALUES (97);
INSERT INTO ProcessoSocorro VALUES (98);
INSERT INTO ProcessoSocorro VALUES (99);
INSERT INTO ProcessoSocorro VALUES (100);
 
insert into EntidadeMeio values ('Bombeiros');
insert into EntidadeMeio values ('Inem');
INSERT INTO EntidadeMeio VALUES ('nomeEntidade1');
INSERT INTO EntidadeMeio VALUES ('nomeEntidade2');
INSERT INTO EntidadeMeio VALUES ('nomeEntidade3');
INSERT INTO EntidadeMeio VALUES ('nomeEntidade4');
INSERT INTO EntidadeMeio VALUES ('nomeEntidade5');
INSERT INTO EntidadeMeio VALUES ('nomeEntidade6');
INSERT INTO EntidadeMeio VALUES ('nomeEntidade7');
INSERT INTO EntidadeMeio VALUES ('nomeEntidade8');
INSERT INTO EntidadeMeio VALUES ('nomeEntidade9');
INSERT INTO EntidadeMeio VALUES ('nomeEntidade10');
INSERT INTO EntidadeMeio VALUES ('nomeEntidade11');
INSERT INTO EntidadeMeio VALUES ('nomeEntidade12');
INSERT INTO EntidadeMeio VALUES ('nomeEntidade13');
INSERT INTO EntidadeMeio VALUES ('nomeEntidade14');
INSERT INTO EntidadeMeio VALUES ('nomeEntidade15');
INSERT INTO EntidadeMeio VALUES ('nomeEntidade16');
INSERT INTO EntidadeMeio VALUES ('nomeEntidade17');
INSERT INTO EntidadeMeio VALUES ('nomeEntidade18');
INSERT INTO EntidadeMeio VALUES ('nomeEntidade19');
INSERT INTO EntidadeMeio VALUES ('nomeEntidade20');
INSERT INTO EntidadeMeio VALUES ('nomeEntidade21');
INSERT INTO EntidadeMeio VALUES ('nomeEntidade22');
INSERT INTO EntidadeMeio VALUES ('nomeEntidade23');
INSERT INTO EntidadeMeio VALUES ('nomeEntidade24');
INSERT INTO EntidadeMeio VALUES ('nomeEntidade25');
INSERT INTO EntidadeMeio VALUES ('nomeEntidade26');
INSERT INTO EntidadeMeio VALUES ('nomeEntidade27');
INSERT INTO EntidadeMeio VALUES ('nomeEntidade28');
INSERT INTO EntidadeMeio VALUES ('nomeEntidade29');
INSERT INTO EntidadeMeio VALUES ('nomeEntidade30');
INSERT INTO EntidadeMeio VALUES ('nomeEntidade31');
INSERT INTO EntidadeMeio VALUES ('nomeEntidade32');
INSERT INTO EntidadeMeio VALUES ('nomeEntidade33');
INSERT INTO EntidadeMeio VALUES ('nomeEntidade34');
INSERT INTO EntidadeMeio VALUES ('nomeEntidade35');
INSERT INTO EntidadeMeio VALUES ('nomeEntidade36');
INSERT INTO EntidadeMeio VALUES ('nomeEntidade37');
INSERT INTO EntidadeMeio VALUES ('nomeEntidade38');
INSERT INTO EntidadeMeio VALUES ('nomeEntidade39');
INSERT INTO EntidadeMeio VALUES ('nomeEntidade40');
INSERT INTO EntidadeMeio VALUES ('nomeEntidade41');
INSERT INTO EntidadeMeio VALUES ('nomeEntidade42');
INSERT INTO EntidadeMeio VALUES ('nomeEntidade43');
INSERT INTO EntidadeMeio VALUES ('nomeEntidade44');
INSERT INTO EntidadeMeio VALUES ('nomeEntidade45');
INSERT INTO EntidadeMeio VALUES ('nomeEntidade46');
INSERT INTO EntidadeMeio VALUES ('nomeEntidade47');
INSERT INTO EntidadeMeio VALUES ('nomeEntidade48');
INSERT INTO EntidadeMeio VALUES ('nomeEntidade49');
INSERT INTO EntidadeMeio VALUES ('nomeEntidade50');
INSERT INTO EntidadeMeio VALUES ('nomeEntidade51');
INSERT INTO EntidadeMeio VALUES ('nomeEntidade52');
INSERT INTO EntidadeMeio VALUES ('nomeEntidade53');
INSERT INTO EntidadeMeio VALUES ('nomeEntidade54');
INSERT INTO EntidadeMeio VALUES ('nomeEntidade55');
INSERT INTO EntidadeMeio VALUES ('nomeEntidade56');
INSERT INTO EntidadeMeio VALUES ('nomeEntidade57');
INSERT INTO EntidadeMeio VALUES ('nomeEntidade58');
INSERT INTO EntidadeMeio VALUES ('nomeEntidade59');
INSERT INTO EntidadeMeio VALUES ('nomeEntidade60');
INSERT INTO EntidadeMeio VALUES ('nomeEntidade61');
INSERT INTO EntidadeMeio VALUES ('nomeEntidade62');
INSERT INTO EntidadeMeio VALUES ('nomeEntidade63');
INSERT INTO EntidadeMeio VALUES ('nomeEntidade64');
INSERT INTO EntidadeMeio VALUES ('nomeEntidade65');
INSERT INTO EntidadeMeio VALUES ('nomeEntidade66');
INSERT INTO EntidadeMeio VALUES ('nomeEntidade67');
INSERT INTO EntidadeMeio VALUES ('nomeEntidade68');
INSERT INTO EntidadeMeio VALUES ('nomeEntidade69');
INSERT INTO EntidadeMeio VALUES ('nomeEntidade70');
INSERT INTO EntidadeMeio VALUES ('nomeEntidade71');
INSERT INTO EntidadeMeio VALUES ('nomeEntidade72');
INSERT INTO EntidadeMeio VALUES ('nomeEntidade73');
INSERT INTO EntidadeMeio VALUES ('nomeEntidade74');
INSERT INTO EntidadeMeio VALUES ('nomeEntidade75');
INSERT INTO EntidadeMeio VALUES ('nomeEntidade76');
INSERT INTO EntidadeMeio VALUES ('nomeEntidade77');
INSERT INTO EntidadeMeio VALUES ('nomeEntidade78');
INSERT INTO EntidadeMeio VALUES ('nomeEntidade79');
INSERT INTO EntidadeMeio VALUES ('nomeEntidade80');
INSERT INTO EntidadeMeio VALUES ('nomeEntidade81');
INSERT INTO EntidadeMeio VALUES ('nomeEntidade82');
INSERT INTO EntidadeMeio VALUES ('nomeEntidade83');
INSERT INTO EntidadeMeio VALUES ('nomeEntidade84');
INSERT INTO EntidadeMeio VALUES ('nomeEntidade85');
INSERT INTO EntidadeMeio VALUES ('nomeEntidade86');
INSERT INTO EntidadeMeio VALUES ('nomeEntidade87');
INSERT INTO EntidadeMeio VALUES ('nomeEntidade88');
INSERT INTO EntidadeMeio VALUES ('nomeEntidade89');
INSERT INTO EntidadeMeio VALUES ('nomeEntidade90');
INSERT INTO EntidadeMeio VALUES ('nomeEntidade91');
INSERT INTO EntidadeMeio VALUES ('nomeEntidade92');
INSERT INTO EntidadeMeio VALUES ('nomeEntidade93');
INSERT INTO EntidadeMeio VALUES ('nomeEntidade94');
INSERT INTO EntidadeMeio VALUES ('nomeEntidade95');
INSERT INTO EntidadeMeio VALUES ('nomeEntidade96');
INSERT INTO EntidadeMeio VALUES ('nomeEntidade97');
INSERT INTO EntidadeMeio VALUES ('nomeEntidade98');
INSERT INTO EntidadeMeio VALUES ('nomeEntidade99');
INSERT INTO EntidadeMeio VALUES ('nomeEntidade100');
INSERT INTO EntidadeMeio VALUES ('nomeEntidade101');
INSERT INTO EntidadeMeio VALUES ('nomeEntidade102');
INSERT INTO EntidadeMeio VALUES ('nomeEntidade103');
INSERT INTO EntidadeMeio VALUES ('nomeEntidade104');
INSERT INTO EntidadeMeio VALUES ('nomeEntidade105');
INSERT INTO EntidadeMeio VALUES ('nomeEntidade106');
INSERT INTO EntidadeMeio VALUES ('nomeEntidade107');
INSERT INTO EntidadeMeio VALUES ('nomeEntidade108');
INSERT INTO EntidadeMeio VALUES ('nomeEntidade109');
INSERT INTO EntidadeMeio VALUES ('nomeEntidade110');
INSERT INTO EntidadeMeio VALUES ('nomeEntidade111');
INSERT INTO EntidadeMeio VALUES ('nomeEntidade112');
INSERT INTO EntidadeMeio VALUES ('nomeEntidade113');
INSERT INTO EntidadeMeio VALUES ('nomeEntidade114');
INSERT INTO EntidadeMeio VALUES ('nomeEntidade115');
INSERT INTO EntidadeMeio VALUES ('nomeEntidade116');
INSERT INTO EntidadeMeio VALUES ('nomeEntidade117');
INSERT INTO EntidadeMeio VALUES ('nomeEntidade118');
INSERT INTO EntidadeMeio VALUES ('nomeEntidade119');
INSERT INTO EntidadeMeio VALUES ('nomeEntidade120');


insert into EventoEmergencia values ( 'Main Street','2007-05-08 12:35:29',  'Vasco', '965819769',  1);
insert into EventoEmergencia values ('Off Street', '2009-05-08 12:35:29',  'Duarte','962429727', 2);
insert into EventoEmergencia values ('Oliveira do Hospital', '2018-05-08 12:35:29',  'Nelson','962439727', 2); 
INSERT INTO EventoEmergencia VALUES ('moradaLocal1', '2001-05-08 12:35:29', 'nomePessoa1', '967654301', 1);
INSERT INTO EventoEmergencia VALUES ('moradaLocal2', '2002-05-08 12:35:29', 'nomePessoa2', '967654302', 2);
INSERT INTO EventoEmergencia VALUES ('moradaLocal3', '2003-05-08 12:35:29', 'nomePessoa3', '967654303', 3);
INSERT INTO EventoEmergencia VALUES ('moradaLocal4', '2004-05-08 12:35:29', 'nomePessoa4', '967654304', 4);
INSERT INTO EventoEmergencia VALUES ('moradaLocal5', '2005-05-08 12:35:29', 'nomePessoa5', '967654305', 5);
INSERT INTO EventoEmergencia VALUES ('moradaLocal6', '2006-05-08 12:35:29', 'nomePessoa6', '967654306', 6);
INSERT INTO EventoEmergencia VALUES ('moradaLocal7', '2007-05-08 12:35:29', 'nomePessoa7', '967654307', 7);
INSERT INTO EventoEmergencia VALUES ('moradaLocal8', '2008-05-08 12:35:29', 'nomePessoa8', '967654308', 8);
INSERT INTO EventoEmergencia VALUES ('moradaLocal9', '2009-05-08 12:35:29', 'nomePessoa9', '967654309', 9);
INSERT INTO EventoEmergencia VALUES ('moradaLocal10', '2010-05-08 12:35:29', 'nomePessoa10', '967654310', 10);
INSERT INTO EventoEmergencia VALUES ('moradaLocal11', '2011-05-08 12:35:29', 'nomePessoa11', '967654311', 11);
INSERT INTO EventoEmergencia VALUES ('moradaLocal12', '2012-05-08 12:35:29', 'nomePessoa12', '967654312', 12);
INSERT INTO EventoEmergencia VALUES ('moradaLocal13', '2013-05-08 12:35:29', 'nomePessoa13', '967654313', 13);
INSERT INTO EventoEmergencia VALUES ('moradaLocal14', '2014-05-08 12:35:29', 'nomePessoa14', '967654314', 14);
INSERT INTO EventoEmergencia VALUES ('moradaLocal15', '2015-05-08 12:35:29', 'nomePessoa15', '967654315', 15);
INSERT INTO EventoEmergencia VALUES ('moradaLocal16', '2016-05-08 12:35:29', 'nomePessoa16', '967654316', 16);
INSERT INTO EventoEmergencia VALUES ('moradaLocal17', '2017-05-08 12:35:29', 'nomePessoa17', '967654317', 17);
INSERT INTO EventoEmergencia VALUES ('moradaLocal18', '2018-05-08 12:35:29', 'nomePessoa18', '967654318', 18);
INSERT INTO EventoEmergencia VALUES ('moradaLocal19', '2019-05-08 12:35:29', 'nomePessoa19', '967654319', 19);
INSERT INTO EventoEmergencia VALUES ('moradaLocal20', '2020-05-08 12:35:29', 'nomePessoa20', '967654320', 20);
INSERT INTO EventoEmergencia VALUES ('moradaLocal21', '2021-05-08 12:35:29', 'nomePessoa21', '967654321', 21);
INSERT INTO EventoEmergencia VALUES ('moradaLocal22', '2022-05-08 12:35:29', 'nomePessoa22', '967654322', 22);
INSERT INTO EventoEmergencia VALUES ('moradaLocal23', '2023-05-08 12:35:29', 'nomePessoa23', '967654323', 23);
INSERT INTO EventoEmergencia VALUES ('moradaLocal24', '2024-05-08 12:35:29', 'nomePessoa24', '967654324', 24);
INSERT INTO EventoEmergencia VALUES ('moradaLocal25', '2025-05-08 12:35:29', 'nomePessoa25', '967654325', 25);
INSERT INTO EventoEmergencia VALUES ('moradaLocal26', '2026-05-08 12:35:29', 'nomePessoa26', '967654326', 26);
INSERT INTO EventoEmergencia VALUES ('moradaLocal27', '2027-05-08 12:35:29', 'nomePessoa27', '967654327', 27);
INSERT INTO EventoEmergencia VALUES ('moradaLocal28', '2028-05-08 12:35:29', 'nomePessoa28', '967654328', 28);
INSERT INTO EventoEmergencia VALUES ('moradaLocal29', '2029-05-08 12:35:29', 'nomePessoa29', '967654329', 29);
INSERT INTO EventoEmergencia VALUES ('moradaLocal30', '2030-05-08 12:35:29', 'nomePessoa30', '967654330', 30);
INSERT INTO EventoEmergencia VALUES ('moradaLocal31', '2031-05-08 12:35:29', 'nomePessoa31', '967654331', 31);
INSERT INTO EventoEmergencia VALUES ('moradaLocal32', '2032-05-08 12:35:29', 'nomePessoa32', '967654332', 32);
INSERT INTO EventoEmergencia VALUES ('moradaLocal33', '2033-05-08 12:35:29', 'nomePessoa33', '967654333', 33);
INSERT INTO EventoEmergencia VALUES ('moradaLocal34', '2034-05-08 12:35:29', 'nomePessoa34', '967654334', 34);
INSERT INTO EventoEmergencia VALUES ('moradaLocal35', '2035-05-08 12:35:29', 'nomePessoa35', '967654335', 35);
INSERT INTO EventoEmergencia VALUES ('moradaLocal36', '2036-05-08 12:35:29', 'nomePessoa36', '967654336', 36);
INSERT INTO EventoEmergencia VALUES ('moradaLocal37', '2037-05-08 12:35:29', 'nomePessoa37', '967654337', 37);
INSERT INTO EventoEmergencia VALUES ('moradaLocal38', '2038-05-08 12:35:29', 'nomePessoa38', '967654338', 38);
INSERT INTO EventoEmergencia VALUES ('moradaLocal39', '2039-05-08 12:35:29', 'nomePessoa39', '967654339', 39);
INSERT INTO EventoEmergencia VALUES ('moradaLocal40', '2040-05-08 12:35:29', 'nomePessoa40', '967654340', 40);
INSERT INTO EventoEmergencia VALUES ('moradaLocal41', '2041-05-08 12:35:29', 'nomePessoa41', '967654341', 41);
INSERT INTO EventoEmergencia VALUES ('moradaLocal42', '2042-05-08 12:35:29', 'nomePessoa42', '967654342', 42);
INSERT INTO EventoEmergencia VALUES ('moradaLocal43', '2043-05-08 12:35:29', 'nomePessoa43', '967654343', 43);
INSERT INTO EventoEmergencia VALUES ('moradaLocal44', '2044-05-08 12:35:29', 'nomePessoa44', '967654344', 44);
INSERT INTO EventoEmergencia VALUES ('moradaLocal45', '2045-05-08 12:35:29', 'nomePessoa45', '967654345', 45);
INSERT INTO EventoEmergencia VALUES ('moradaLocal46', '2046-05-08 12:35:29', 'nomePessoa46', '967654346', 46);
INSERT INTO EventoEmergencia VALUES ('moradaLocal47', '2047-05-08 12:35:29', 'nomePessoa47', '967654347', 47);
INSERT INTO EventoEmergencia VALUES ('moradaLocal48', '2048-05-08 12:35:29', 'nomePessoa48', '967654348', 48);
INSERT INTO EventoEmergencia VALUES ('moradaLocal49', '2049-05-08 12:35:29', 'nomePessoa49', '967654349', 49);
INSERT INTO EventoEmergencia VALUES ('moradaLocal50', '2050-05-08 12:35:29', 'nomePessoa50', '967654350', 50);
INSERT INTO EventoEmergencia VALUES ('moradaLocal51', '2051-05-08 12:35:29', 'nomePessoa51', '967654351', null);
INSERT INTO EventoEmergencia VALUES ('moradaLocal52', '2052-05-08 12:35:29', 'nomePessoa52', '967654352', null);
INSERT INTO EventoEmergencia VALUES ('moradaLocal53', '2053-05-08 12:35:29', 'nomePessoa53', '967654353', null);
INSERT INTO EventoEmergencia VALUES ('moradaLocal54', '2054-05-08 12:35:29', 'nomePessoa54', '967654354', null);
INSERT INTO EventoEmergencia VALUES ('moradaLocal55', '2055-05-08 12:35:29', 'nomePessoa55', '967654355', null);
INSERT INTO EventoEmergencia VALUES ('moradaLocal56', '2056-05-08 12:35:29', 'nomePessoa56', '967654356', null);
INSERT INTO EventoEmergencia VALUES ('moradaLocal57', '2057-05-08 12:35:29', 'nomePessoa57', '967654357', null);
INSERT INTO EventoEmergencia VALUES ('moradaLocal58', '2058-05-08 12:35:29', 'nomePessoa58', '967654358', null);
INSERT INTO EventoEmergencia VALUES ('moradaLocal59', '2059-05-08 12:35:29', 'nomePessoa59', '967654359', null);
INSERT INTO EventoEmergencia VALUES ('moradaLocal60', '2060-05-08 12:35:29', 'nomePessoa60', '967654360', null);
INSERT INTO EventoEmergencia VALUES ('moradaLocal61', '2061-05-08 12:35:29', 'nomePessoa61', '967654361', null);
INSERT INTO EventoEmergencia VALUES ('moradaLocal62', '2062-05-08 12:35:29', 'nomePessoa62', '967654362', null);
INSERT INTO EventoEmergencia VALUES ('moradaLocal63', '2063-05-08 12:35:29', 'nomePessoa63', '967654363', null);
INSERT INTO EventoEmergencia VALUES ('moradaLocal64', '2064-05-08 12:35:29', 'nomePessoa64', '967654364', null);
INSERT INTO EventoEmergencia VALUES ('moradaLocal65', '2065-05-08 12:35:29', 'nomePessoa65', '967654365', null);
INSERT INTO EventoEmergencia VALUES ('moradaLocal66', '2066-05-08 12:35:29', 'nomePessoa66', '967654366', null);
INSERT INTO EventoEmergencia VALUES ('moradaLocal67', '2067-05-08 12:35:29', 'nomePessoa67', '967654367', null);
INSERT INTO EventoEmergencia VALUES ('moradaLocal68', '2068-05-08 12:35:29', 'nomePessoa68', '967654368', null);
INSERT INTO EventoEmergencia VALUES ('moradaLocal69', '2069-05-08 12:35:29', 'nomePessoa69', '967654369', null);
INSERT INTO EventoEmergencia VALUES ('moradaLocal70', '2070-05-08 12:35:29', 'nomePessoa70', '967654370', null);
INSERT INTO EventoEmergencia VALUES ('moradaLocal71', '2071-05-08 12:35:29', 'nomePessoa71', '967654371', null);
INSERT INTO EventoEmergencia VALUES ('moradaLocal72', '2072-05-08 12:35:29', 'nomePessoa72', '967654372', null);
INSERT INTO EventoEmergencia VALUES ('moradaLocal73', '2073-05-08 12:35:29', 'nomePessoa73', '967654373', null);
INSERT INTO EventoEmergencia VALUES ('moradaLocal74', '2074-05-08 12:35:29', 'nomePessoa74', '967654374', null);
INSERT INTO EventoEmergencia VALUES ('moradaLocal75', '2075-05-08 12:35:29', 'nomePessoa75', '967654375', null);
INSERT INTO EventoEmergencia VALUES ('moradaLocal76', '2076-05-08 12:35:29', 'nomePessoa76', '967654376', null);
INSERT INTO EventoEmergencia VALUES ('moradaLocal77', '2077-05-08 12:35:29', 'nomePessoa77', '967654377', null);
INSERT INTO EventoEmergencia VALUES ('moradaLocal78', '2078-05-08 12:35:29', 'nomePessoa78', '967654378', null);
INSERT INTO EventoEmergencia VALUES ('moradaLocal79', '2079-05-08 12:35:29', 'nomePessoa79', '967654379', null);
INSERT INTO EventoEmergencia VALUES ('moradaLocal80', '2080-05-08 12:35:29', 'nomePessoa80', '967654380', null);
INSERT INTO EventoEmergencia VALUES ('moradaLocal81', '2081-05-08 12:35:29', 'nomePessoa81', '967654381', null);
INSERT INTO EventoEmergencia VALUES ('moradaLocal82', '2082-05-08 12:35:29', 'nomePessoa82', '967654382', null);
INSERT INTO EventoEmergencia VALUES ('moradaLocal83', '2083-05-08 12:35:29', 'nomePessoa83', '967654383', null);
INSERT INTO EventoEmergencia VALUES ('moradaLocal84', '2084-05-08 12:35:29', 'nomePessoa84', '967654384', null);
INSERT INTO EventoEmergencia VALUES ('moradaLocal85', '2085-05-08 12:35:29', 'nomePessoa85', '967654385', null);
INSERT INTO EventoEmergencia VALUES ('moradaLocal86', '2086-05-08 12:35:29', 'nomePessoa86', '967654386', null);
INSERT INTO EventoEmergencia VALUES ('moradaLocal87', '2087-05-08 12:35:29', 'nomePessoa87', '967654387', null);
INSERT INTO EventoEmergencia VALUES ('moradaLocal88', '2088-05-08 12:35:29', 'nomePessoa88', '967654388', null);
INSERT INTO EventoEmergencia VALUES ('moradaLocal89', '2089-05-08 12:35:29', 'nomePessoa89', '967654389', null);
INSERT INTO EventoEmergencia VALUES ('moradaLocal90', '2090-05-08 12:35:29', 'nomePessoa90', '967654390', null);
INSERT INTO EventoEmergencia VALUES ('moradaLocal91', '2091-05-08 12:35:29', 'nomePessoa91', '967654391', null);
INSERT INTO EventoEmergencia VALUES ('moradaLocal92', '2092-05-08 12:35:29', 'nomePessoa92', '967654392', null);
INSERT INTO EventoEmergencia VALUES ('moradaLocal93', '2093-05-08 12:35:29', 'nomePessoa93', '967654393', null);
INSERT INTO EventoEmergencia VALUES ('moradaLocal94', '2094-05-08 12:35:29', 'nomePessoa94', '967654394', null);
INSERT INTO EventoEmergencia VALUES ('moradaLocal95', '2095-05-08 12:35:29', 'nomePessoa95', '967654395', null);
INSERT INTO EventoEmergencia VALUES ('moradaLocal96', '2096-05-08 12:35:29', 'nomePessoa96', '967654396', null);
INSERT INTO EventoEmergencia VALUES ('moradaLocal97', '2097-05-08 12:35:29', 'nomePessoa97', '967654397', null);
INSERT INTO EventoEmergencia VALUES ('moradaLocal98', '2098-05-08 12:35:29', 'nomePessoa98', '967654398', null);
INSERT INTO EventoEmergencia VALUES ('moradaLocal99', '2099-05-08 12:35:29', 'nomePessoa99', '967654399', null);
INSERT INTO EventoEmergencia VALUES ('moradaLocal100', '2000-05-08 12:35:29', 'nomePessoa100', '9676543100', null);

insert into Meio values (1, 'Aviao',  'Bombeiros');
insert into Meio values (2, 'Submarino',  'Inem');
INSERT INTO Meio VALUES (3, 'nomeMeio3',  'nomeEntidade3');
INSERT INTO Meio VALUES (4, 'nomeMeio4',  'nomeEntidade4');
INSERT INTO Meio VALUES (5, 'nomeMeio5',  'nomeEntidade5');
INSERT INTO Meio VALUES (6, 'nomeMeio6',  'nomeEntidade6');
INSERT INTO Meio VALUES (7, 'nomeMeio7',  'nomeEntidade7');
INSERT INTO Meio VALUES (8, 'nomeMeio8',  'nomeEntidade8');
INSERT INTO Meio VALUES (9, 'nomeMeio9',  'nomeEntidade9');
INSERT INTO Meio VALUES (10, 'nomeMeio10',  'nomeEntidade10');
INSERT INTO Meio VALUES (11, 'nomeMeio11',  'nomeEntidade11');
INSERT INTO Meio VALUES (12, 'nomeMeio12',  'nomeEntidade12');
INSERT INTO Meio VALUES (13, 'nomeMeio13',  'nomeEntidade13');
INSERT INTO Meio VALUES (14, 'nomeMeio14',  'nomeEntidade14');
INSERT INTO Meio VALUES (15, 'nomeMeio15',  'nomeEntidade15');
INSERT INTO Meio VALUES (16, 'nomeMeio16',  'nomeEntidade16');
INSERT INTO Meio VALUES (17, 'nomeMeio17',  'nomeEntidade17');
INSERT INTO Meio VALUES (18, 'nomeMeio18',  'nomeEntidade18');
INSERT INTO Meio VALUES (19, 'nomeMeio19',  'nomeEntidade19');
INSERT INTO Meio VALUES (20, 'nomeMeio20',  'nomeEntidade20');
INSERT INTO Meio VALUES (21, 'nomeMeio21',  'nomeEntidade21');
INSERT INTO Meio VALUES (22, 'nomeMeio22',  'nomeEntidade22');
INSERT INTO Meio VALUES (23, 'nomeMeio23',  'nomeEntidade23');
INSERT INTO Meio VALUES (24, 'nomeMeio24',  'nomeEntidade24');
INSERT INTO Meio VALUES (25, 'nomeMeio25',  'nomeEntidade25');
INSERT INTO Meio VALUES (26, 'nomeMeio26',  'nomeEntidade26');
INSERT INTO Meio VALUES (27, 'nomeMeio27',  'nomeEntidade27');
INSERT INTO Meio VALUES (28, 'nomeMeio28',  'nomeEntidade28');
INSERT INTO Meio VALUES (29, 'nomeMeio29',  'nomeEntidade29');
INSERT INTO Meio VALUES (30, 'nomeMeio30',  'nomeEntidade30');
INSERT INTO Meio VALUES (31, 'nomeMeio31',  'nomeEntidade31');
INSERT INTO Meio VALUES (32, 'nomeMeio32',  'nomeEntidade32');
INSERT INTO Meio VALUES (33, 'nomeMeio33',  'nomeEntidade33');
INSERT INTO Meio VALUES (34, 'nomeMeio34',  'nomeEntidade34');
INSERT INTO Meio VALUES (35, 'nomeMeio35',  'nomeEntidade35');
INSERT INTO Meio VALUES (36, 'nomeMeio36',  'nomeEntidade36');
INSERT INTO Meio VALUES (37, 'nomeMeio37',  'nomeEntidade37');
INSERT INTO Meio VALUES (38, 'nomeMeio38',  'nomeEntidade38');
INSERT INTO Meio VALUES (39, 'nomeMeio39',  'nomeEntidade39');
INSERT INTO Meio VALUES (40, 'nomeMeio40',  'nomeEntidade40');
INSERT INTO Meio VALUES (41, 'nomeMeio41',  'nomeEntidade41');
INSERT INTO Meio VALUES (42, 'nomeMeio42',  'nomeEntidade42');
INSERT INTO Meio VALUES (43, 'nomeMeio43',  'nomeEntidade43');
INSERT INTO Meio VALUES (44, 'nomeMeio44',  'nomeEntidade44');
INSERT INTO Meio VALUES (45, 'nomeMeio45',  'nomeEntidade45');
INSERT INTO Meio VALUES (46, 'nomeMeio46',  'nomeEntidade46');
INSERT INTO Meio VALUES (47, 'nomeMeio47',  'nomeEntidade47');
INSERT INTO Meio VALUES (48, 'nomeMeio48',  'nomeEntidade48');
INSERT INTO Meio VALUES (49, 'nomeMeio49',  'nomeEntidade49');
INSERT INTO Meio VALUES (50, 'nomeMeio50',  'nomeEntidade50');
INSERT INTO Meio VALUES (51, 'nomeMeio51',  'nomeEntidade51');
INSERT INTO Meio VALUES (52, 'nomeMeio52',  'nomeEntidade52');
INSERT INTO Meio VALUES (53, 'nomeMeio53',  'nomeEntidade53');
INSERT INTO Meio VALUES (54, 'nomeMeio54',  'nomeEntidade54');
INSERT INTO Meio VALUES (55, 'nomeMeio55',  'nomeEntidade55');
INSERT INTO Meio VALUES (56, 'nomeMeio56',  'nomeEntidade56');
INSERT INTO Meio VALUES (57, 'nomeMeio57',  'nomeEntidade57');
INSERT INTO Meio VALUES (58, 'nomeMeio58',  'nomeEntidade58');
INSERT INTO Meio VALUES (59, 'nomeMeio59',  'nomeEntidade59');
INSERT INTO Meio VALUES (60, 'nomeMeio60',  'nomeEntidade60');
INSERT INTO Meio VALUES (61, 'nomeMeio61',  'nomeEntidade61');
INSERT INTO Meio VALUES (62, 'nomeMeio62',  'nomeEntidade62');
INSERT INTO Meio VALUES (63, 'nomeMeio63',  'nomeEntidade63');
INSERT INTO Meio VALUES (64, 'nomeMeio64',  'nomeEntidade64');
INSERT INTO Meio VALUES (65, 'nomeMeio65',  'nomeEntidade65');
INSERT INTO Meio VALUES (66, 'nomeMeio66',  'nomeEntidade66');
INSERT INTO Meio VALUES (67, 'nomeMeio67',  'nomeEntidade67');
INSERT INTO Meio VALUES (68, 'nomeMeio68',  'nomeEntidade68');
INSERT INTO Meio VALUES (69, 'nomeMeio69',  'nomeEntidade69');
INSERT INTO Meio VALUES (70, 'nomeMeio70',  'nomeEntidade70');
INSERT INTO Meio VALUES (71, 'nomeMeio71',  'nomeEntidade71');
INSERT INTO Meio VALUES (72, 'nomeMeio72',  'nomeEntidade72');
INSERT INTO Meio VALUES (73, 'nomeMeio73',  'nomeEntidade73');
INSERT INTO Meio VALUES (74, 'nomeMeio74',  'nomeEntidade74');
INSERT INTO Meio VALUES (75, 'nomeMeio75',  'nomeEntidade75');
INSERT INTO Meio VALUES (76, 'nomeMeio76',  'nomeEntidade76');
INSERT INTO Meio VALUES (77, 'nomeMeio77',  'nomeEntidade77');
INSERT INTO Meio VALUES (78, 'nomeMeio78',  'nomeEntidade78');
INSERT INTO Meio VALUES (79, 'nomeMeio79',  'nomeEntidade79');
INSERT INTO Meio VALUES (80, 'nomeMeio80',  'nomeEntidade80');
INSERT INTO Meio VALUES (81, 'nomeMeio81',  'nomeEntidade81');
INSERT INTO Meio VALUES (82, 'nomeMeio82',  'nomeEntidade82');
INSERT INTO Meio VALUES (83, 'nomeMeio83',  'nomeEntidade83');
INSERT INTO Meio VALUES (84, 'nomeMeio84',  'nomeEntidade84');
INSERT INTO Meio VALUES (85, 'nomeMeio85',  'nomeEntidade85');
INSERT INTO Meio VALUES (86, 'nomeMeio86',  'nomeEntidade86');
INSERT INTO Meio VALUES (87, 'nomeMeio87',  'nomeEntidade87');
INSERT INTO Meio VALUES (88, 'nomeMeio88',  'nomeEntidade88');
INSERT INTO Meio VALUES (89, 'nomeMeio89',  'nomeEntidade89');
INSERT INTO Meio VALUES (90, 'nomeMeio90',  'nomeEntidade90');
INSERT INTO Meio VALUES (91, 'nomeMeio91',  'nomeEntidade91');
INSERT INTO Meio VALUES (92, 'nomeMeio92',  'nomeEntidade92');
INSERT INTO Meio VALUES (93, 'nomeMeio93',  'nomeEntidade93');
INSERT INTO Meio VALUES (94, 'nomeMeio94',  'nomeEntidade94');
INSERT INTO Meio VALUES (95, 'nomeMeio95',  'nomeEntidade95');
INSERT INTO Meio VALUES (96, 'nomeMeio96',  'nomeEntidade96');
INSERT INTO Meio VALUES (97, 'nomeMeio97',  'nomeEntidade97');
INSERT INTO Meio VALUES (98, 'nomeMeio98',  'nomeEntidade98');
INSERT INTO Meio VALUES (99, 'nomeMeio99',  'nomeEntidade99');
INSERT INTO Meio VALUES (100, 'nomeMeio100',  'nomeEntidade100');
INSERT INTO Meio VALUES (101, 'nomeMeio101',  'nomeEntidade101');
INSERT INTO Meio VALUES (102, 'nomeMeio102',  'nomeEntidade102');
INSERT INTO Meio VALUES (103, 'nomeMeio103',  'nomeEntidade103');
INSERT INTO Meio VALUES (104, 'nomeMeio104',  'nomeEntidade104');
INSERT INTO Meio VALUES (105, 'nomeMeio105',  'nomeEntidade105');
INSERT INTO Meio VALUES (106, 'nomeMeio106',  'nomeEntidade106');
INSERT INTO Meio VALUES (107, 'nomeMeio107',  'nomeEntidade107');
INSERT INTO Meio VALUES (108, 'nomeMeio108',  'nomeEntidade108');
INSERT INTO Meio VALUES (109, 'nomeMeio109',  'nomeEntidade109');
INSERT INTO Meio VALUES (110, 'nomeMeio110',  'nomeEntidade110');
INSERT INTO Meio VALUES (111, 'nomeMeio111',  'nomeEntidade111');
INSERT INTO Meio VALUES (112, 'nomeMeio112',  'nomeEntidade112');
INSERT INTO Meio VALUES (113, 'nomeMeio113',  'nomeEntidade113');
INSERT INTO Meio VALUES (114, 'nomeMeio114',  'nomeEntidade114');
INSERT INTO Meio VALUES (115, 'nomeMeio115',  'nomeEntidade115');
INSERT INTO Meio VALUES (116, 'nomeMeio116',  'nomeEntidade116');
INSERT INTO Meio VALUES (117, 'nomeMeio117',  'nomeEntidade117');
INSERT INTO Meio VALUES (118, 'nomeMeio118',  'nomeEntidade118');
INSERT INTO Meio VALUES (119, 'nomeMeio119',  'nomeEntidade119');
INSERT INTO Meio VALUES (120, 'nomeMeio120',  'nomeEntidade120');

insert into MeioCombate values (1, 'Bombeiros');
insert into MeioCombate values (2, 'Inem');
INSERT INTO MeioCombate VALUES (3, 'nomeEntidade3');
INSERT INTO MeioCombate VALUES (4, 'nomeEntidade4');
INSERT INTO MeioCombate VALUES (5, 'nomeEntidade5');
INSERT INTO MeioCombate VALUES (6, 'nomeEntidade6');
INSERT INTO MeioCombate VALUES (7, 'nomeEntidade7');
INSERT INTO MeioCombate VALUES (8, 'nomeEntidade8');
INSERT INTO MeioCombate VALUES (9, 'nomeEntidade9');
INSERT INTO MeioCombate VALUES (10, 'nomeEntidade10');
INSERT INTO MeioCombate VALUES (11, 'nomeEntidade11');
INSERT INTO MeioCombate VALUES (12, 'nomeEntidade12');
INSERT INTO MeioCombate VALUES (13, 'nomeEntidade13');
INSERT INTO MeioCombate VALUES (14, 'nomeEntidade14');
INSERT INTO MeioCombate VALUES (15, 'nomeEntidade15');
INSERT INTO MeioCombate VALUES (16, 'nomeEntidade16');
INSERT INTO MeioCombate VALUES (17, 'nomeEntidade17');
INSERT INTO MeioCombate VALUES (18, 'nomeEntidade18');
INSERT INTO MeioCombate VALUES (19, 'nomeEntidade19');
INSERT INTO MeioCombate VALUES (20, 'nomeEntidade20');
INSERT INTO MeioCombate VALUES (21, 'nomeEntidade21');
INSERT INTO MeioCombate VALUES (22, 'nomeEntidade22');
INSERT INTO MeioCombate VALUES (23, 'nomeEntidade23');
INSERT INTO MeioCombate VALUES (24, 'nomeEntidade24');
INSERT INTO MeioCombate VALUES (25, 'nomeEntidade25');
INSERT INTO MeioCombate VALUES (26, 'nomeEntidade26');
INSERT INTO MeioCombate VALUES (27, 'nomeEntidade27');
INSERT INTO MeioCombate VALUES (28, 'nomeEntidade28');
INSERT INTO MeioCombate VALUES (29, 'nomeEntidade29');
INSERT INTO MeioCombate VALUES (30, 'nomeEntidade30');
INSERT INTO MeioCombate VALUES (31, 'nomeEntidade31');
INSERT INTO MeioCombate VALUES (32, 'nomeEntidade32');
INSERT INTO MeioCombate VALUES (33, 'nomeEntidade33');
INSERT INTO MeioCombate VALUES (34, 'nomeEntidade34');
INSERT INTO MeioCombate VALUES (35, 'nomeEntidade35');
INSERT INTO MeioCombate VALUES (36, 'nomeEntidade36');
INSERT INTO MeioCombate VALUES (37, 'nomeEntidade37');
INSERT INTO MeioCombate VALUES (38, 'nomeEntidade38');
INSERT INTO MeioCombate VALUES (39, 'nomeEntidade39');
INSERT INTO MeioCombate VALUES (40, 'nomeEntidade40');
INSERT INTO MeioCombate VALUES (41, 'nomeEntidade41');
INSERT INTO MeioCombate VALUES (42, 'nomeEntidade42');
INSERT INTO MeioCombate VALUES (43, 'nomeEntidade43');
INSERT INTO MeioCombate VALUES (44, 'nomeEntidade44');
INSERT INTO MeioCombate VALUES (45, 'nomeEntidade45');
INSERT INTO MeioCombate VALUES (46, 'nomeEntidade46');
INSERT INTO MeioCombate VALUES (47, 'nomeEntidade47');
INSERT INTO MeioCombate VALUES (48, 'nomeEntidade48');
INSERT INTO MeioCombate VALUES (49, 'nomeEntidade49');
INSERT INTO MeioCombate VALUES (50, 'nomeEntidade50');
INSERT INTO MeioCombate VALUES (51, 'nomeEntidade51');
INSERT INTO MeioCombate VALUES (52, 'nomeEntidade52');
INSERT INTO MeioCombate VALUES (53, 'nomeEntidade53');
INSERT INTO MeioCombate VALUES (54, 'nomeEntidade54');
INSERT INTO MeioCombate VALUES (55, 'nomeEntidade55');
INSERT INTO MeioCombate VALUES (56, 'nomeEntidade56');
INSERT INTO MeioCombate VALUES (57, 'nomeEntidade57');
INSERT INTO MeioCombate VALUES (58, 'nomeEntidade58');
INSERT INTO MeioCombate VALUES (59, 'nomeEntidade59');
INSERT INTO MeioCombate VALUES (60, 'nomeEntidade60');
INSERT INTO MeioCombate VALUES (61, 'nomeEntidade61');
INSERT INTO MeioCombate VALUES (62, 'nomeEntidade62');
INSERT INTO MeioCombate VALUES (63, 'nomeEntidade63');
INSERT INTO MeioCombate VALUES (64, 'nomeEntidade64');
INSERT INTO MeioCombate VALUES (65, 'nomeEntidade65');
INSERT INTO MeioCombate VALUES (66, 'nomeEntidade66');
INSERT INTO MeioCombate VALUES (67, 'nomeEntidade67');
INSERT INTO MeioCombate VALUES (68, 'nomeEntidade68');
INSERT INTO MeioCombate VALUES (69, 'nomeEntidade69');
INSERT INTO MeioCombate VALUES (70, 'nomeEntidade70');
INSERT INTO MeioCombate VALUES (71, 'nomeEntidade71');
INSERT INTO MeioCombate VALUES (72, 'nomeEntidade72');
INSERT INTO MeioCombate VALUES (73, 'nomeEntidade73');
INSERT INTO MeioCombate VALUES (74, 'nomeEntidade74');
INSERT INTO MeioCombate VALUES (75, 'nomeEntidade75');
INSERT INTO MeioCombate VALUES (76, 'nomeEntidade76');
INSERT INTO MeioCombate VALUES (77, 'nomeEntidade77');
INSERT INTO MeioCombate VALUES (78, 'nomeEntidade78');
INSERT INTO MeioCombate VALUES (79, 'nomeEntidade79');
INSERT INTO MeioCombate VALUES (80, 'nomeEntidade80');
INSERT INTO MeioCombate VALUES (81, 'nomeEntidade81');
INSERT INTO MeioCombate VALUES (82, 'nomeEntidade82');
INSERT INTO MeioCombate VALUES (83, 'nomeEntidade83');
INSERT INTO MeioCombate VALUES (84, 'nomeEntidade84');
INSERT INTO MeioCombate VALUES (85, 'nomeEntidade85');
INSERT INTO MeioCombate VALUES (86, 'nomeEntidade86');
INSERT INTO MeioCombate VALUES (87, 'nomeEntidade87');
INSERT INTO MeioCombate VALUES (88, 'nomeEntidade88');
INSERT INTO MeioCombate VALUES (89, 'nomeEntidade89');
INSERT INTO MeioCombate VALUES (90, 'nomeEntidade90');
INSERT INTO MeioCombate VALUES (91, 'nomeEntidade91');
INSERT INTO MeioCombate VALUES (92, 'nomeEntidade92');
INSERT INTO MeioCombate VALUES (93, 'nomeEntidade93');
INSERT INTO MeioCombate VALUES (94, 'nomeEntidade94');
INSERT INTO MeioCombate VALUES (95, 'nomeEntidade95');
INSERT INTO MeioCombate VALUES (96, 'nomeEntidade96');
INSERT INTO MeioCombate VALUES (97, 'nomeEntidade97');
INSERT INTO MeioCombate VALUES (98, 'nomeEntidade98');
INSERT INTO MeioCombate VALUES (99, 'nomeEntidade99');
INSERT INTO MeioCombate VALUES (100, 'nomeEntidade100');

insert into MeioApoio values (1, 'Bombeiros');
insert into MeioApoio values (2, 'Inem');
INSERT INTO MeioApoio VALUES (5, 'nomeEntidade5');
INSERT INTO MeioApoio VALUES (6, 'nomeEntidade6');
INSERT INTO MeioApoio VALUES (7, 'nomeEntidade7');
INSERT INTO MeioApoio VALUES (8, 'nomeEntidade8');
INSERT INTO MeioApoio VALUES (9, 'nomeEntidade9');
INSERT INTO MeioApoio VALUES (10, 'nomeEntidade10');
INSERT INTO MeioApoio VALUES (11, 'nomeEntidade11');
INSERT INTO MeioApoio VALUES (12, 'nomeEntidade12');
INSERT INTO MeioApoio VALUES (13, 'nomeEntidade13');
INSERT INTO MeioApoio VALUES (14, 'nomeEntidade14');
INSERT INTO MeioApoio VALUES (15, 'nomeEntidade15');
INSERT INTO MeioApoio VALUES (16, 'nomeEntidade16');
INSERT INTO MeioApoio VALUES (17, 'nomeEntidade17');
INSERT INTO MeioApoio VALUES (18, 'nomeEntidade18');
INSERT INTO MeioApoio VALUES (19, 'nomeEntidade19');
INSERT INTO MeioApoio VALUES (20, 'nomeEntidade20');
INSERT INTO MeioApoio VALUES (21, 'nomeEntidade21');
INSERT INTO MeioApoio VALUES (22, 'nomeEntidade22');
INSERT INTO MeioApoio VALUES (23, 'nomeEntidade23');
INSERT INTO MeioApoio VALUES (24, 'nomeEntidade24');
INSERT INTO MeioApoio VALUES (25, 'nomeEntidade25');
INSERT INTO MeioApoio VALUES (26, 'nomeEntidade26');
INSERT INTO MeioApoio VALUES (27, 'nomeEntidade27');
INSERT INTO MeioApoio VALUES (28, 'nomeEntidade28');
INSERT INTO MeioApoio VALUES (29, 'nomeEntidade29');
INSERT INTO MeioApoio VALUES (30, 'nomeEntidade30');
INSERT INTO MeioApoio VALUES (31, 'nomeEntidade31');
INSERT INTO MeioApoio VALUES (32, 'nomeEntidade32');
INSERT INTO MeioApoio VALUES (33, 'nomeEntidade33');
INSERT INTO MeioApoio VALUES (34, 'nomeEntidade34');
INSERT INTO MeioApoio VALUES (35, 'nomeEntidade35');
INSERT INTO MeioApoio VALUES (36, 'nomeEntidade36');
INSERT INTO MeioApoio VALUES (37, 'nomeEntidade37');
INSERT INTO MeioApoio VALUES (38, 'nomeEntidade38');
INSERT INTO MeioApoio VALUES (39, 'nomeEntidade39');
INSERT INTO MeioApoio VALUES (40, 'nomeEntidade40');
INSERT INTO MeioApoio VALUES (41, 'nomeEntidade41');
INSERT INTO MeioApoio VALUES (42, 'nomeEntidade42');
INSERT INTO MeioApoio VALUES (43, 'nomeEntidade43');
INSERT INTO MeioApoio VALUES (44, 'nomeEntidade44');
INSERT INTO MeioApoio VALUES (45, 'nomeEntidade45');
INSERT INTO MeioApoio VALUES (46, 'nomeEntidade46');
INSERT INTO MeioApoio VALUES (47, 'nomeEntidade47');
INSERT INTO MeioApoio VALUES (48, 'nomeEntidade48');
INSERT INTO MeioApoio VALUES (49, 'nomeEntidade49');
INSERT INTO MeioApoio VALUES (50, 'nomeEntidade50');
INSERT INTO MeioApoio VALUES (51, 'nomeEntidade51');
INSERT INTO MeioApoio VALUES (52, 'nomeEntidade52');
INSERT INTO MeioApoio VALUES (53, 'nomeEntidade53');
INSERT INTO MeioApoio VALUES (54, 'nomeEntidade54');
INSERT INTO MeioApoio VALUES (55, 'nomeEntidade55');
INSERT INTO MeioApoio VALUES (56, 'nomeEntidade56');
INSERT INTO MeioApoio VALUES (57, 'nomeEntidade57');
INSERT INTO MeioApoio VALUES (58, 'nomeEntidade58');
INSERT INTO MeioApoio VALUES (59, 'nomeEntidade59');
INSERT INTO MeioApoio VALUES (60, 'nomeEntidade60');
INSERT INTO MeioApoio VALUES (61, 'nomeEntidade61');
INSERT INTO MeioApoio VALUES (62, 'nomeEntidade62');
INSERT INTO MeioApoio VALUES (63, 'nomeEntidade63');
INSERT INTO MeioApoio VALUES (64, 'nomeEntidade64');
INSERT INTO MeioApoio VALUES (65, 'nomeEntidade65');
INSERT INTO MeioApoio VALUES (66, 'nomeEntidade66');
INSERT INTO MeioApoio VALUES (67, 'nomeEntidade67');
INSERT INTO MeioApoio VALUES (68, 'nomeEntidade68');
INSERT INTO MeioApoio VALUES (69, 'nomeEntidade69');
INSERT INTO MeioApoio VALUES (70, 'nomeEntidade70');
INSERT INTO MeioApoio VALUES (71, 'nomeEntidade71');
INSERT INTO MeioApoio VALUES (72, 'nomeEntidade72');
INSERT INTO MeioApoio VALUES (73, 'nomeEntidade73');
INSERT INTO MeioApoio VALUES (74, 'nomeEntidade74');
INSERT INTO MeioApoio VALUES (75, 'nomeEntidade75');
INSERT INTO MeioApoio VALUES (76, 'nomeEntidade76');
INSERT INTO MeioApoio VALUES (77, 'nomeEntidade77');
INSERT INTO MeioApoio VALUES (78, 'nomeEntidade78');
INSERT INTO MeioApoio VALUES (79, 'nomeEntidade79');
INSERT INTO MeioApoio VALUES (80, 'nomeEntidade80');
INSERT INTO MeioApoio VALUES (81, 'nomeEntidade81');
INSERT INTO MeioApoio VALUES (82, 'nomeEntidade82');
INSERT INTO MeioApoio VALUES (83, 'nomeEntidade83');
INSERT INTO MeioApoio VALUES (84, 'nomeEntidade84');
INSERT INTO MeioApoio VALUES (85, 'nomeEntidade85');
INSERT INTO MeioApoio VALUES (86, 'nomeEntidade86');
INSERT INTO MeioApoio VALUES (87, 'nomeEntidade87');
INSERT INTO MeioApoio VALUES (88, 'nomeEntidade88');
INSERT INTO MeioApoio VALUES (89, 'nomeEntidade89');
INSERT INTO MeioApoio VALUES (90, 'nomeEntidade90');
INSERT INTO MeioApoio VALUES (91, 'nomeEntidade91');
INSERT INTO MeioApoio VALUES (92, 'nomeEntidade92');
INSERT INTO MeioApoio VALUES (93, 'nomeEntidade93');
INSERT INTO MeioApoio VALUES (94, 'nomeEntidade94');
INSERT INTO MeioApoio VALUES (95, 'nomeEntidade95');
INSERT INTO MeioApoio VALUES (96, 'nomeEntidade96');
INSERT INTO MeioApoio VALUES (97, 'nomeEntidade97');
INSERT INTO MeioApoio VALUES (98, 'nomeEntidade98');
INSERT INTO MeioApoio VALUES (99, 'nomeEntidade99');
INSERT INTO MeioApoio VALUES (100, 'nomeEntidade100');
INSERT INTO MeioApoio VALUES (101, 'nomeEntidade101');
INSERT INTO MeioApoio VALUES (102, 'nomeEntidade102');
INSERT INTO MeioApoio VALUES (103, 'nomeEntidade103');
INSERT INTO MeioApoio VALUES (104, 'nomeEntidade104');
INSERT INTO MeioApoio VALUES (105, 'nomeEntidade105');

insert into MeioSocorro values (1, 'Bombeiros');
insert into MeioSocorro values (2, 'Inem');
INSERT INTO MeioSocorro VALUES (10, 'nomeEntidade10');
INSERT INTO MeioSocorro VALUES (11, 'nomeEntidade11');
INSERT INTO MeioSocorro VALUES (12, 'nomeEntidade12');
INSERT INTO MeioSocorro VALUES (13, 'nomeEntidade13');
INSERT INTO MeioSocorro VALUES (14, 'nomeEntidade14');
INSERT INTO MeioSocorro VALUES (15, 'nomeEntidade15');
INSERT INTO MeioSocorro VALUES (16, 'nomeEntidade16');
INSERT INTO MeioSocorro VALUES (17, 'nomeEntidade17');
INSERT INTO MeioSocorro VALUES (18, 'nomeEntidade18');
INSERT INTO MeioSocorro VALUES (19, 'nomeEntidade19');
INSERT INTO MeioSocorro VALUES (20, 'nomeEntidade20');
INSERT INTO MeioSocorro VALUES (21, 'nomeEntidade21');
INSERT INTO MeioSocorro VALUES (22, 'nomeEntidade22');
INSERT INTO MeioSocorro VALUES (23, 'nomeEntidade23');
INSERT INTO MeioSocorro VALUES (24, 'nomeEntidade24');
INSERT INTO MeioSocorro VALUES (25, 'nomeEntidade25');
INSERT INTO MeioSocorro VALUES (26, 'nomeEntidade26');
INSERT INTO MeioSocorro VALUES (27, 'nomeEntidade27');
INSERT INTO MeioSocorro VALUES (28, 'nomeEntidade28');
INSERT INTO MeioSocorro VALUES (29, 'nomeEntidade29');
INSERT INTO MeioSocorro VALUES (30, 'nomeEntidade30');
INSERT INTO MeioSocorro VALUES (31, 'nomeEntidade31');
INSERT INTO MeioSocorro VALUES (32, 'nomeEntidade32');
INSERT INTO MeioSocorro VALUES (33, 'nomeEntidade33');
INSERT INTO MeioSocorro VALUES (34, 'nomeEntidade34');
INSERT INTO MeioSocorro VALUES (35, 'nomeEntidade35');
INSERT INTO MeioSocorro VALUES (36, 'nomeEntidade36');
INSERT INTO MeioSocorro VALUES (37, 'nomeEntidade37');
INSERT INTO MeioSocorro VALUES (38, 'nomeEntidade38');
INSERT INTO MeioSocorro VALUES (39, 'nomeEntidade39');
INSERT INTO MeioSocorro VALUES (40, 'nomeEntidade40');
INSERT INTO MeioSocorro VALUES (41, 'nomeEntidade41');
INSERT INTO MeioSocorro VALUES (42, 'nomeEntidade42');
INSERT INTO MeioSocorro VALUES (43, 'nomeEntidade43');
INSERT INTO MeioSocorro VALUES (44, 'nomeEntidade44');
INSERT INTO MeioSocorro VALUES (45, 'nomeEntidade45');
INSERT INTO MeioSocorro VALUES (46, 'nomeEntidade46');
INSERT INTO MeioSocorro VALUES (47, 'nomeEntidade47');
INSERT INTO MeioSocorro VALUES (48, 'nomeEntidade48');
INSERT INTO MeioSocorro VALUES (49, 'nomeEntidade49');
INSERT INTO MeioSocorro VALUES (50, 'nomeEntidade50');
INSERT INTO MeioSocorro VALUES (51, 'nomeEntidade51');
INSERT INTO MeioSocorro VALUES (52, 'nomeEntidade52');
INSERT INTO MeioSocorro VALUES (53, 'nomeEntidade53');
INSERT INTO MeioSocorro VALUES (54, 'nomeEntidade54');
INSERT INTO MeioSocorro VALUES (55, 'nomeEntidade55');
INSERT INTO MeioSocorro VALUES (56, 'nomeEntidade56');
INSERT INTO MeioSocorro VALUES (57, 'nomeEntidade57');
INSERT INTO MeioSocorro VALUES (58, 'nomeEntidade58');
INSERT INTO MeioSocorro VALUES (59, 'nomeEntidade59');
INSERT INTO MeioSocorro VALUES (60, 'nomeEntidade60');
INSERT INTO MeioSocorro VALUES (61, 'nomeEntidade61');
INSERT INTO MeioSocorro VALUES (62, 'nomeEntidade62');
INSERT INTO MeioSocorro VALUES (63, 'nomeEntidade63');
INSERT INTO MeioSocorro VALUES (64, 'nomeEntidade64');
INSERT INTO MeioSocorro VALUES (65, 'nomeEntidade65');
INSERT INTO MeioSocorro VALUES (66, 'nomeEntidade66');
INSERT INTO MeioSocorro VALUES (67, 'nomeEntidade67');
INSERT INTO MeioSocorro VALUES (68, 'nomeEntidade68');
INSERT INTO MeioSocorro VALUES (69, 'nomeEntidade69');
INSERT INTO MeioSocorro VALUES (70, 'nomeEntidade70');
INSERT INTO MeioSocorro VALUES (71, 'nomeEntidade71');
INSERT INTO MeioSocorro VALUES (72, 'nomeEntidade72');
INSERT INTO MeioSocorro VALUES (73, 'nomeEntidade73');
INSERT INTO MeioSocorro VALUES (74, 'nomeEntidade74');
INSERT INTO MeioSocorro VALUES (75, 'nomeEntidade75');
INSERT INTO MeioSocorro VALUES (76, 'nomeEntidade76');
INSERT INTO MeioSocorro VALUES (77, 'nomeEntidade77');
INSERT INTO MeioSocorro VALUES (78, 'nomeEntidade78');
INSERT INTO MeioSocorro VALUES (79, 'nomeEntidade79');
INSERT INTO MeioSocorro VALUES (80, 'nomeEntidade80');
INSERT INTO MeioSocorro VALUES (81, 'nomeEntidade81');
INSERT INTO MeioSocorro VALUES (82, 'nomeEntidade82');
INSERT INTO MeioSocorro VALUES (83, 'nomeEntidade83');
INSERT INTO MeioSocorro VALUES (84, 'nomeEntidade84');
INSERT INTO MeioSocorro VALUES (85, 'nomeEntidade85');
INSERT INTO MeioSocorro VALUES (86, 'nomeEntidade86');
INSERT INTO MeioSocorro VALUES (87, 'nomeEntidade87');
INSERT INTO MeioSocorro VALUES (88, 'nomeEntidade88');
INSERT INTO MeioSocorro VALUES (89, 'nomeEntidade89');
INSERT INTO MeioSocorro VALUES (90, 'nomeEntidade90');
INSERT INTO MeioSocorro VALUES (91, 'nomeEntidade91');
INSERT INTO MeioSocorro VALUES (92, 'nomeEntidade92');
INSERT INTO MeioSocorro VALUES (93, 'nomeEntidade93');
INSERT INTO MeioSocorro VALUES (94, 'nomeEntidade94');
INSERT INTO MeioSocorro VALUES (95, 'nomeEntidade95');
INSERT INTO MeioSocorro VALUES (96, 'nomeEntidade96');
INSERT INTO MeioSocorro VALUES (97, 'nomeEntidade97');
INSERT INTO MeioSocorro VALUES (98, 'nomeEntidade98');
INSERT INTO MeioSocorro VALUES (99, 'nomeEntidade99');
INSERT INTO MeioSocorro VALUES (100, 'nomeEntidade100');
INSERT INTO MeioSocorro VALUES (101, 'nomeEntidade101');
INSERT INTO MeioSocorro VALUES (102, 'nomeEntidade102');
INSERT INTO MeioSocorro VALUES (103, 'nomeEntidade103');
INSERT INTO MeioSocorro VALUES (104, 'nomeEntidade104');
INSERT INTO MeioSocorro VALUES (105, 'nomeEntidade105');
INSERT INTO MeioSocorro VALUES (106, 'nomeEntidade106');
INSERT INTO MeioSocorro VALUES (107, 'nomeEntidade107');
INSERT INTO MeioSocorro VALUES (108, 'nomeEntidade108');
INSERT INTO MeioSocorro VALUES (109, 'nomeEntidade109');
INSERT INTO MeioSocorro VALUES (110, 'nomeEntidade110');

insert into Coordenador values (1);
insert into Coordenador values (2);

insert into Acciona values(1,'Bombeiros',1);
insert into Acciona values(2,'Inem',1);
insert into Acciona values(1,'Bombeiros',2);
INSERT INTO Acciona VALUES (3, 'nomeEntidade3',1);
INSERT INTO Acciona VALUES (3, 'nomeEntidade3',2);
INSERT INTO Acciona VALUES (3, 'nomeEntidade3',3);
INSERT INTO Acciona VALUES (3, 'nomeEntidade3',4);
INSERT INTO Acciona VALUES (3, 'nomeEntidade3',5);
INSERT INTO Acciona VALUES (3, 'nomeEntidade3',6);
INSERT INTO Acciona VALUES (3, 'nomeEntidade3',7);
INSERT INTO Acciona VALUES (3, 'nomeEntidade3',8);
INSERT INTO Acciona VALUES (3, 'nomeEntidade3',9);
INSERT INTO Acciona VALUES (3, 'nomeEntidade3',10);
INSERT INTO Acciona VALUES (3, 'nomeEntidade3',11);
INSERT INTO Acciona VALUES (3, 'nomeEntidade3',12);
INSERT INTO Acciona VALUES (3, 'nomeEntidade3',13);
INSERT INTO Acciona VALUES (3, 'nomeEntidade3',14);
INSERT INTO Acciona VALUES (3, 'nomeEntidade3',15);
INSERT INTO Acciona VALUES (3, 'nomeEntidade3',16);
INSERT INTO Acciona VALUES (3, 'nomeEntidade3',17);
INSERT INTO Acciona VALUES (3, 'nomeEntidade3',18);
INSERT INTO Acciona VALUES (3, 'nomeEntidade3',19);
INSERT INTO Acciona VALUES (3, 'nomeEntidade3',20);
INSERT INTO Acciona VALUES (3, 'nomeEntidade3',21);
INSERT INTO Acciona VALUES (3, 'nomeEntidade3',22);
INSERT INTO Acciona VALUES (3, 'nomeEntidade3',23);
INSERT INTO Acciona VALUES (3, 'nomeEntidade3',24);
INSERT INTO Acciona VALUES (3, 'nomeEntidade3',25);
INSERT INTO Acciona VALUES (3, 'nomeEntidade3',26);
INSERT INTO Acciona VALUES (3, 'nomeEntidade3',27);
INSERT INTO Acciona VALUES (3, 'nomeEntidade3',28);
INSERT INTO Acciona VALUES (3, 'nomeEntidade3',29);
INSERT INTO Acciona VALUES (3, 'nomeEntidade3',30);
INSERT INTO Acciona VALUES (3, 'nomeEntidade3',31);
INSERT INTO Acciona VALUES (3, 'nomeEntidade3',32);
INSERT INTO Acciona VALUES (3, 'nomeEntidade3',33);
INSERT INTO Acciona VALUES (3, 'nomeEntidade3',34);
INSERT INTO Acciona VALUES (3, 'nomeEntidade3',35);
INSERT INTO Acciona VALUES (3, 'nomeEntidade3',36);
INSERT INTO Acciona VALUES (3, 'nomeEntidade3',37);
INSERT INTO Acciona VALUES (3, 'nomeEntidade3',38);
INSERT INTO Acciona VALUES (3, 'nomeEntidade3',39);
INSERT INTO Acciona VALUES (3, 'nomeEntidade3',40);
INSERT INTO Acciona VALUES (3, 'nomeEntidade3',41);
INSERT INTO Acciona VALUES (3, 'nomeEntidade3',42);
INSERT INTO Acciona VALUES (3, 'nomeEntidade3',43);
INSERT INTO Acciona VALUES (3, 'nomeEntidade3',44);
INSERT INTO Acciona VALUES (3, 'nomeEntidade3',45);
INSERT INTO Acciona VALUES (3, 'nomeEntidade3',46);
INSERT INTO Acciona VALUES (3, 'nomeEntidade3',47);
INSERT INTO Acciona VALUES (3, 'nomeEntidade3',48);
INSERT INTO Acciona VALUES (3, 'nomeEntidade3',49);
INSERT INTO Acciona VALUES (3, 'nomeEntidade3',50);
INSERT INTO Acciona VALUES (3, 'nomeEntidade3',51);
INSERT INTO Acciona VALUES (3, 'nomeEntidade3',52);
INSERT INTO Acciona VALUES (3, 'nomeEntidade3',53);
INSERT INTO Acciona VALUES (3, 'nomeEntidade3',54);
INSERT INTO Acciona VALUES (3, 'nomeEntidade3',55);
INSERT INTO Acciona VALUES (3, 'nomeEntidade3',56);
INSERT INTO Acciona VALUES (3, 'nomeEntidade3',57);
INSERT INTO Acciona VALUES (3, 'nomeEntidade3',58);
INSERT INTO Acciona VALUES (3, 'nomeEntidade3',59);
INSERT INTO Acciona VALUES (3, 'nomeEntidade3',60);
INSERT INTO Acciona VALUES (3, 'nomeEntidade3',61);
INSERT INTO Acciona VALUES (3, 'nomeEntidade3',62);
INSERT INTO Acciona VALUES (3, 'nomeEntidade3',63);
INSERT INTO Acciona VALUES (3, 'nomeEntidade3',64);
INSERT INTO Acciona VALUES (3, 'nomeEntidade3',65);
INSERT INTO Acciona VALUES (3, 'nomeEntidade3',66);
INSERT INTO Acciona VALUES (3, 'nomeEntidade3',67);
INSERT INTO Acciona VALUES (3, 'nomeEntidade3',68);
INSERT INTO Acciona VALUES (3, 'nomeEntidade3',69);
INSERT INTO Acciona VALUES (3, 'nomeEntidade3',70);
INSERT INTO Acciona VALUES (3, 'nomeEntidade3',71);
INSERT INTO Acciona VALUES (3, 'nomeEntidade3',72);
INSERT INTO Acciona VALUES (3, 'nomeEntidade3',73);
INSERT INTO Acciona VALUES (3, 'nomeEntidade3',74);
INSERT INTO Acciona VALUES (3, 'nomeEntidade3',75);
INSERT INTO Acciona VALUES (3, 'nomeEntidade3',76);
INSERT INTO Acciona VALUES (3, 'nomeEntidade3',77);
INSERT INTO Acciona VALUES (3, 'nomeEntidade3',78);
INSERT INTO Acciona VALUES (3, 'nomeEntidade3',79);
INSERT INTO Acciona VALUES (3, 'nomeEntidade3',80);
INSERT INTO Acciona VALUES (3, 'nomeEntidade3',81);
INSERT INTO Acciona VALUES (3, 'nomeEntidade3',82);
INSERT INTO Acciona VALUES (3, 'nomeEntidade3',83);
INSERT INTO Acciona VALUES (3, 'nomeEntidade3',84);
INSERT INTO Acciona VALUES (3, 'nomeEntidade3',85);
INSERT INTO Acciona VALUES (3, 'nomeEntidade3',86);
INSERT INTO Acciona VALUES (3, 'nomeEntidade3',87);
INSERT INTO Acciona VALUES (3, 'nomeEntidade3',88);
INSERT INTO Acciona VALUES (3, 'nomeEntidade3',89);
INSERT INTO Acciona VALUES (3, 'nomeEntidade3',90);
INSERT INTO Acciona VALUES (3, 'nomeEntidade3',91);
INSERT INTO Acciona VALUES (3, 'nomeEntidade3',92);
INSERT INTO Acciona VALUES (3, 'nomeEntidade3',93);
INSERT INTO Acciona VALUES (3, 'nomeEntidade3',94);
INSERT INTO Acciona VALUES (3, 'nomeEntidade3',95);
INSERT INTO Acciona VALUES (3, 'nomeEntidade3',96);
INSERT INTO Acciona VALUES (3, 'nomeEntidade3',97);
INSERT INTO Acciona VALUES (3, 'nomeEntidade3',98);
INSERT INTO Acciona VALUES (3, 'nomeEntidade3',99);
INSERT INTO Acciona VALUES (3, 'nomeEntidade3',100);

insert into Audita values(1, 1, 'Bombeiros', 1, '2018-03-22 00:00:00', '2018-05-22 00:00:00','2019-12-12 00:00:00', 'blabla');

insert into Camara values (1);
insert into Camara values (2);
insert into Camara values (3);

insert into Video values ('2007-05-08 12:35:29', '2007-05-13 12:35:29',  1);
insert into Video values ('2009-05-08 12:35:29', '2009-05-13 12:35:29',  2);
insert into Video values('2018-08-12 11:59:59', '2018-08-13 11:59:59', 3);

insert into Vigia values ('Monchique',3);

insert into SegmentoVideo values (1, '12:00:00', '2007-05-08 12:35:29', 1);
insert into SegmentoVideo values (2, '12:00:00', '2007-05-08 12:35:29', 1);
insert into SegmentoVideo values (3, '12:00:00', '2009-05-08 12:35:29', 2);
insert into SegmentoVideo values (4, '12:00:00', '2009-05-08 12:35:29', 2);
insert into SegmentoVideo values (5, '12:00:00', '2018-08-12 11:59:59', 3);
insert into SegmentoVideo values (6, '12:00:00', '2018-08-12 11:59:59', 3);